stop_id,stop_name,stop_lat,stop_lon,stop_count_3km,stop_count_800m,density_norm,walkzone_norm,avg_Morning_freq,Morning_freq_norm,Morning_LMCI,avg_Midday_freq,Midday_freq_norm,Midday_LMCI,avg_Evening_freq,Evening_freq_norm,Evening_LMCI,LMCI_mean,LMCI,LMCI_old,temporal_gap,Morning_category,Midday_category,Evening_category,category,service_class,stop_count,demand_count,demand_norm,LMCI_new,LMCI_new2,desert_windows,n_desert_windows,desert_severity,is_persistent_desert,temporal_gap_flag,priority_score
MYP,Miyapur,17.4965452,78.3730262,381.3,4,0.20382978723404255,0.14285714285714285,8.49294532627866,0.203213712559507,1.9748609292653834,15.332451499118164,0.2575969804097359,2.192394000666299,24.987103174603174,0.3272710200296953,2.471090159146137,2.2127816963592735,1.9748609292653834,2.2127816963592735,-0.21753307140091582,Transit Desert,Transit Desert,Transit Desert,Transit Desert,Transit Desert,381.3,1,0.02127659574468085,1.6708528571801589,1.6708528571801589,"['Morning', 'Midday', 'Evening']",3,Persistent,True,False,6.872596522192192
JNT,JNTU College,17.4987037,78.3888668,503.0,11,0.2778115501519757,0.6428571428571429,7.138888888888889,0.1514443500424809,2.6376922937869454,16.791666666666668,0.30605698471601994,3.256142832481101,26.8125,0.3704642687371256,3.513771968565523,3.1358690316111897,2.6376922937869454,3.1358690316111897,-0.6184505386941557,Transit Desert,Transit Desert,Transit Desert,Transit Desert,Transit Desert,503.0,6,0.1276595744680851,2.6581707266684393,2.6581707266684393,"['Morning', 'Midday', 'Evening']",3,Persistent,True,False,5.567964191159723
KPH,KPHB Colony,17.4937602,78.4018258,291.0,8,0.14893617021276595,0.42857142857142855,6.590909090909091,0.13049355062948947,1.6952264821532164,7.954545454545454,0.012579407509906286,1.2235699096748835,14.170454545454545,0.07132327873890223,1.458545394590867,1.4591139288063222,1.6952264821532164,1.4591139288063222,0.4716565724783328,Transit Desert,Transit Desert,Transit Desert,Transit Desert,Transit Desert,291.0,7,0.14893617021276595,1.8442654211241858,1.8442654211241858,"['Morning', 'Midday', 'Evening']",3,Persistent,True,False,7.937782121492294
KUK,Kukatpally,17.4849033,78.4117896,289.0,7,0.14772036474164132,0.35714285714285715,16.703703703703706,0.517133956386293,3.164280506396236,23.48148148148148,0.5282232984604203,3.2086378746927444,45.0,0.8008239581682776,4.299040513524174,3.5573196315377182,3.164280506396236,3.5573196315377182,-0.044357368296508604,Transit Desert,Transit Desert,Moderate,Transit Desert,Transit Desert,289.0,12,0.2553191489361702,3.245683133066311,3.245683133066311,"['Morning', 'Midday']",2,Partial,False,False,4.972312991539346
BLR,Balanagar,17.4767464,78.4221082,65.0,3,0.011550151975683891,0.07142857142857142,7.222222222222222,0.1546304163126593,0.7477009965576282,9.777777777777779,0.0731282889909219,0.4216924872706785,25.083333333333332,0.32954805542351095,1.4473715530010347,0.8722550122764471,0.7477009965576282,0.8722550122764471,0.32600850928694974,Transit Desert,Transit Desert,Transit Desert,Transit Desert,Transit Desert,65.0,2,0.0425531914893617,0.7526046333861008,0.7526046333861008,"['Morning', 'Midday', 'Evening']",3,Persistent,True,False,8.767210808270468
MSP,Moosapet,17.4718855,78.4261182,274.0,6,0.1386018237082067,0.2857142857142857,14.666666666666666,0.4392523364485981,2.7357327500497117,29.61111111111111,0.7317860662096148,3.905867669093779,45.791666666666664,0.8195566823359566,4.256950133599146,3.632850184247545,2.7357327500497117,3.632850184247545,-1.170134919044067,Transit Desert,Transit Desert,Moderate,Transit Desert,Transit Desert,274.0,4,0.0851063829787234,2.5787205635883304,2.5787205635883304,"['Morning', 'Midday']",2,Partial,False,False,4.86556296119785
BTN,Bharat Nagar,17.4629092,78.4305364,405.3,5,0.218419452887538,0.21428571428571427,13.916666666666666,0.4105777400169924,2.948693938791374,22.6358024691358,0.5001386064345998,3.306937404461803,35.04079861111111,0.5651654665281665,3.5670448448360697,3.274225396029749,2.948693938791374,3.274225396029749,-0.3582434656704292,Transit Desert,Transit Desert,Transit Desert,Transit Desert,Transit Desert,405.3,7,0.14893617021276595,2.7463230019135763,2.7463230019135763,"['Morning', 'Midday', 'Evening']",3,Persistent,True,False,5.37242019512461
ERA,Erragadda,17.4570487,78.4335811,311.0,6,0.16109422492401215,0.2857142857142857,8.083333333333332,0.18755310110450296,1.8413978147523586,12.1,0.15024844329832066,1.6921791835276292,16.9125,0.13620662335604503,1.6360119037585266,1.7231963006795048,1.8413978147523586,1.7231963006795048,0.14921863122472945,Transit Desert,Transit Desert,Transit Desert,Transit Desert,Transit Desert,311.0,6,0.1276595744680851,1.840326431373359,1.840326431373359,"['Morning', 'Midday', 'Evening']",3,Persistent,True,False,7.564545064451023
ESI,ESI Hospital,17.4486969,78.4376283,257.3,4,0.1284498480243161,0.14285714285714285,9.33148148148148,0.23527329368450864,1.7261995577167584,20.82962962962963,0.44015626419551196,2.5457314397607718,29.69895833333333,0.4387647669853342,2.5401654509200604,2.2706988161325303,1.7261995577167584,2.2706988161325303,-0.8195318820440134,Transit Desert,Transit Desert,Transit Desert,Transit Desert,Transit Desert,257.3,4,0.0851063829787234,1.614976284734686,1.614976284734686,"['Morning', 'Midday', 'Evening']",3,Persistent,True,False,6.790740186295383
SRN,S. R. Nagar,17.4431205,78.4407241,264.0,6,0.1325227963525836,0.2857142857142857,10.208333333333334,0.2687977909940527,2.0235194314534146,29.208333333333332,0.7184099628907478,3.821968119040195,35.65625,0.5797285163471187,3.267242332865679,3.03757662778643,2.0235194314534146,3.03757662778643,-1.7984486875867804,Transit Desert,Transit Desert,Transit Desert,Transit Desert,Transit Desert,264.0,27,0.574468085106383,2.69489561194423,2.69489561194423,"['Morning', 'Midday', 'Evening']",3,Persistent,True,False,5.706884359411932
AME,Ameerpet,17.4357214,78.4447933,174.0,7,0.07781155015197569,0.35714285714285715,11.125,0.3038445199660153,1.9615786877667971,23.958333333333332,0.5440593748034468,2.922438107116523,34.625,0.5553266782865895,2.967507321049094,2.6171747053108043,1.9615786877667971,2.6171747053108043,-0.9608594193497257,Transit Desert,Transit Desert,Transit Desert,Transit Desert,Transit Desert,174.0,35,0.7446808510638298,2.9885318077229988,2.9885318077229988,"['Morning', 'Midday', 'Evening']",3,Persistent,True,False,6.3010534257010145
PUN,Panjagutta,17.4289362,78.450955,522.0,14,0.28936170212765955,0.8571428571428571,13.411764705882353,0.39127392673297023,3.869047074713036,27.254901960784313,0.6535372183970135,4.918100241369209,34.3235294117647,0.5481931641298572,4.496724024300583,4.427957113460942,3.869047074713036,4.427957113460942,-1.049053166656173,Transit Desert,Moderate,Moderate,Transit Desert,Moderate,522.0,8,0.1702127659574468,3.92325813566266,3.92325813566266,['Morning'],1,Partial,False,False,3.741809913284293
IRM,Erra Manzil,17.4202292,78.4563489,626.3,9,0.3527659574468085,0.5,12.263468013468014,0.34737133441466495,3.6533151248927025,20.12878787878788,0.41688156487829425,3.931356046747219,26.596117424242426,0.3653441401817254,3.7252063479609436,3.7699591732002884,3.6533151248927025,3.7699591732002884,-0.27804092185451657,Transit Desert,Transit Desert,Transit Desert,Transit Desert,Transit Desert,626.3,14,0.2978723404255319,3.6472890321534552,3.6472890321534552,"['Morning', 'Midday', 'Evening']",3,Persistent,True,False,4.671781925501909
KHA,Khairatabad,17.4116323,78.4608678,421.3,7,0.22814589665653495,0.35714285714285715,17.98433048433048,0.5660958978715988,3.762255931911927,25.52564102564103,0.596109092492513,3.882308710395584,33.335737179487175,0.5248196406491445,3.59715090302211,3.7472385151098737,3.762255931911927,3.7472385151098737,-0.12005277848365692,Transit Desert,Transit Desert,Transit Desert,Transit Desert,Transit Desert,421.3,28,0.5957446808510638,4.209177587839349,4.209177587839349,"['Morning', 'Midday', 'Evening']",3,Persistent,True,False,4.703893843838434
LKP,Lakdi-ka-pul,17.4040433,78.4649442,1131.3,11,0.6597568389057751,0.6428571428571429,18.805925925925926,0.5975077881619938,6.331672490033994,25.233333333333334,0.5864016604817913,6.287247979313184,37.044583333333335,0.6125797989401223,6.3919605331465075,6.336960334164561,6.331672490033994,6.336960334164561,0.044424510720809884,Moderate,Moderate,Moderate,Moderate,Moderate,1131.3,27,0.574468085106383,6.226414036682479,6.226414036682479,[],0,None,False,False,1.0437474151184278
ASM,Assembly,17.3979907,78.4708797,509.0,7,0.2814589665653495,0.35714285714285715,13.43859649122807,0.3922997808880741,3.3336368135219008,19.175438596491226,0.3852211823980985,3.305322419561999,26.473684210526315,0.3624470779229805,3.2142260016615265,3.2843950782484757,3.3336368135219008,3.2843950782484757,0.028314393959901984,Transit Desert,Transit Desert,Transit Desert,Transit Desert,Transit Desert,509.0,15,0.3191489361702128,3.3725933060565874,3.3725933060565874,"['Morning', 'Midday', 'Evening']",3,Persistent,True,False,5.358047019681512
NAM,Nampally,17.392222,78.4701612,300.3,7,0.15458966565349544,0.35714285714285715,8.16557734204793,0.19069751944958105,1.8928812632086587,10.166666666666668,0.08604314736775903,1.4742637748813705,15.212622549019606,0.09598346284058436,1.5140250367726718,1.6270566916209004,1.8928812632086587,1.6270566916209004,0.4186174883272882,Transit Desert,Transit Desert,Transit Desert,Transit Desert,Transit Desert,300.3,24,0.5106382978723404,2.510176880383564,2.510176880383564,"['Morning', 'Midday', 'Evening']",3,Persistent,True,False,7.700422610898398
GAB,Gandhi Bhavan,17.3858253,78.4733347,504.0,6,0.278419452887538,0.2857142857142857,14.136363636363637,0.4189773692747355,3.3537210272509177,16.651515151515152,0.30140260393735463,2.883421965901394,20.875,0.2299688374795331,2.597686900070108,2.9449432977408065,3.3537210272509177,2.9449432977408065,0.4702990613495235,Transit Desert,Transit Desert,Transit Desert,Transit Desert,Transit Desert,504.0,26,0.5531914893617021,3.699247540181939,3.699247540181939,"['Morning', 'Midday', 'Evening']",3,Persistent,True,False,5.837806356381742
OMC,Osmania Medical College,17.3820769,78.4817011,857.0,7,0.4930091185410334,0.35714285714285715,29.333333333333332,1.0,6.822188449848024,37.6875,1.0,6.822188449848024,47.375,0.8570221306713146,6.250276972533283,6.6315512907431104,6.822188449848024,6.6315512907431104,0.0,Moderate,Moderate,Moderate,Moderate,Moderate,857.0,22,0.46808510638297873,6.4633738601823705,6.4633738601823705,[],0,None,False,False,0.6273914846394646
MGB,Mahatma Gandhi Bus Station,17.3797886,78.4861571,298.0,3,0.15319148936170213,0.07142857142857142,8.333333333333332,0.19711129991503823,1.6258312178972352,11.5,0.1303226618026291,1.3586766654475984,20.75,0.22701103892674165,1.745430173944049,1.5766460190962943,1.6258312178972352,1.5766460190962943,0.2671545524496368,Transit Desert,Transit Desert,Transit Desert,Transit Desert,Transit Desert,298.0,23,0.48936170212765956,2.0672451728029375,2.0672451728029375,"['Morning', 'Midday', 'Evening']",3,Persistent,True,False,7.771669816545243
MKL,Malakpet,17.3771888,78.4939356,576.6,13,0.32255319148936173,0.7857142857142857,10.710758377425044,0.2880069048293348,3.5505078624784336,16.322751322751323,0.29048447691129625,3.5604181508062793,17.637400793650794,0.15335950750306637,3.0119182731733596,3.374281428819357,3.5505078624784336,3.374281428819357,-0.009910288327845684,Transit Desert,Transit Desert,Transit Desert,Transit Desert,Transit Desert,576.6,17,0.3617021276595745,3.8580849571762283,3.8580849571762283,"['Morning', 'Midday', 'Evening']",3,Persistent,True,False,5.231007427007123
NEM,New Market,17.3734454,78.5031791,606.3,7,0.3406079027355623,0.35714285714285715,11.475308641975309,0.3172377985462098,3.329133565005508,23.048148148148147,0.5138324562690875,4.115512195897018,23.770138888888887,0.2984747384050188,3.254081324440744,3.56624236178109,3.329133565005508,3.56624236178109,-0.7863786308915106,Transit Desert,Moderate,Transit Desert,Transit Desert,Transit Desert,606.3,8,0.1702127659574468,3.0934933891366576,3.0934933891366576,"['Morning', 'Evening']",2,Partial,False,False,4.959702177901212
MSB,Musarambagh,17.3710873,78.5119545,841.0,6,0.48328267477203646,0.2857142857142857,10.32,0.2730671197960918,3.7943961387588354,18.226666666666667,0.35371281212654887,4.1169789080806645,20.35,0.21754608355780913,3.5723119938057044,3.827895680215068,3.7943961387588354,3.827895680215068,-0.32258276932182905,Transit Desert,Moderate,Transit Desert,Transit Desert,Transit Desert,841.0,11,0.23404255319148937,3.4268595393471117,3.4268595393471117,"['Morning', 'Evening']",2,Partial,False,False,4.589898188923566
DSN,Dilsukh Nagar,17.3685493,78.5253873,416.0,5,0.22492401215805471,0.21428571428571427,17.666666666666664,0.5539507221750212,3.554708663776072,25.151515151515152,0.5836845084596516,3.673643808914594,29.068181818181817,0.42383908807613446,3.0342621273805253,3.420871533357064,3.554708663776072,3.420871533357064,-0.1189351451385221,Transit Desert,Transit Desert,Transit Desert,Transit Desert,Transit Desert,416.0,6,0.1276595744680851,3.238979503296464,3.238979503296464,"['Morning', 'Midday', 'Evening']",3,Persistent,True,False,5.165159966680428
CHP,Chaitanyapuri,17.3681501,78.5381335,696.0,11,0.3951367781155015,0.6428571428571429,15.722222222222221,0.4796091758708581,4.536977736918083,18.277777777777775,0.3554101935132188,4.040181807487525,22.572916666666668,0.27014560115494995,3.69912343805445,4.092094327486686,4.536977736918083,4.092094327486686,0.49679592943055795,Moderate,Moderate,Transit Desert,Moderate,Moderate,696.0,2,0.0425531914893617,4.089726340472016,4.089726340472016,['Evening'],1,Partial,False,False,4.216496795704874
VOM,Victoria Memorial,17.3618565,78.5439622,838.0,6,0.48145896656534953,0.2857142857142857,19.430555555555554,0.6213891248937977,5.178565618116224,22.041666666666668,0.480407572803321,4.614639409754318,28.677083333333332,0.41458476381626436,4.351348173806091,4.714851067225545,5.178565618116224,4.714851067225545,0.5639262083619059,Moderate,Moderate,Moderate,Moderate,Moderate,838.0,5,0.10638297872340426,4.44811421676355,4.44811421676355,[],0,None,False,False,3.336332432048036
LBN,L. B. Nagar,17.349846,78.5479412,1691.0,10,1.0,0.5714285714285714,14.781140042223784,0.44362897357695014,7.345944465736372,17.557823129251698,0.3315007618243221,6.89743161872586,26.069940476190474,0.3528935368580432,6.983002718860744,7.075459601107659,7.345944465736372,7.075459601107659,0.4485128470105124,Well-Connected,Moderate,Moderate,Well-Connected,Well-Connected,1691.0,4,0.0851063829787234,6.0375038391302684,6.0375038391302684,[],0,None,False,False,0.0
SUB,Sultan Bazar,17.3844473,78.4840241,408.0,7,0.22006079027355624,0.35714285714285715,28.666666666666668,0.9745114698385727,5.355492687864929,34.047619047619044,0.879120879120879,4.973930324994154,42.035714285714285,0.730681878202081,4.380174321318963,4.9031991113926825,5.355492687864929,4.9031991113926825,0.38156236287077494,Moderate,Moderate,Moderate,Moderate,Moderate,408.0,27,0.574468085106383,5.57841932376631,5.57841932376631,[],0,None,False,False,3.070133407835316
NAR,Narayanaguda,17.3943658,78.4899578,426.3,15,0.2311854103343465,0.9285714285714286,9.79757343550447,0.253093291926679,3.096871647949877,12.50830140485313,0.1638079842607996,2.7397304172863595,15.123204022988507,0.09386760694548413,2.4599689080250977,2.7655236577537785,3.096871647949877,2.7655236577537785,0.35714123066351755,Transit Desert,Transit Desert,Transit Desert,Transit Desert,Transit Desert,426.3,17,0.3617021276595745,3.630385792260094,3.630385792260094,"['Morning', 'Midday', 'Evening']",3,Persistent,True,False,6.091386547778694
CDP,Chikkadpally,17.4003634,78.4948964,525.0,11,0.29118541033434653,0.6428571428571429,9.32183908045977,0.23490463774060294,3.038402745491287,17.919540229885055,0.34351325500844765,3.4728372145626665,21.060344827586206,0.23435453878194795,3.0362023496566675,3.1824807699035405,3.038402745491287,3.1824807699035405,-0.4344344690713795,Transit Desert,Transit Desert,Transit Desert,Transit Desert,Transit Desert,525.0,16,0.3404255319148936,3.3162391804203777,3.3162391804203777,"['Morning', 'Midday', 'Evening']",3,Persistent,True,False,5.502086155074188
RTC,RTC Cross Roads,17.4070321,78.4968023,641.3,10,0.3618844984802431,0.5714285714285714,7.422592592592593,0.16229113565562164,3.030015606452274,11.261481481481482,0.1224015486648357,2.8704572584891297,13.766458333333333,0.061763763446539534,2.6279061176159453,2.8427929941857832,3.030015606452274,2.8427929941857832,0.15955834796314416,Transit Desert,Transit Desert,Transit Desert,Transit Desert,Transit Desert,641.3,23,0.48936170212765956,3.425800129809873,3.425800129809873,"['Morning', 'Midday', 'Evening']",3,Persistent,True,False,5.982179032241602
MSH,Musheerabad,17.4178744,78.4995051,441.3,6,0.24030395136778115,0.2857142857142857,8.847222222222221,0.2167587085811385,2.3542688768777458,11.543981481481481,0.13178327078572377,2.0143671256960864,14.900716145833334,0.08860301237697848,1.8416460920611055,2.070094031544979,2.3542688768777458,2.070094031544979,0.33990175118165933,Transit Desert,Transit Desert,Transit Desert,Transit Desert,Transit Desert,441.3,34,0.723404255319149,3.1133971213713707,3.1133971213713707,"['Morning', 'Midday', 'Evening']",3,Persistent,True,False,7.074262099919407
GNH,Gandhi Hospital,17.4255155,78.501956,183.0,6,0.08328267477203648,0.2857142857142857,10.833333333333334,0.29269328802039085,1.8729008116560317,10.666666666666666,0.10264796528083527,1.1127195206978093,16.5,0.1264458881318333,1.2079112121018014,1.397843848151881,1.8729008116560317,1.397843848151881,0.7601812909582224,Transit Desert,Transit Desert,Transit Desert,Transit Desert,Transit Desert,183.0,21,0.44680851063829785,2.414700064302371,2.414700064302371,"['Morning', 'Midday', 'Evening']",3,Persistent,True,False,8.024377316869918
SCR,Secunderabad West,17.4338034,78.4995181,776.3,3,0.443951367781155,0.07142857142857142,27.985449735449738,0.9484666423918762,6.085051979901851,36.55555555555556,0.9624085372245634,6.1408195592326,53.417410714285715,1.0,6.2911854103343465,6.1723523164896,6.085051979901851,6.1723523164896,-0.05576757933074905,Moderate,Moderate,Moderate,Moderate,Moderate,776.3,37,0.7872340425531915,6.161456956578252,6.161456956578252,[],0,None,False,False,1.2763938111902695
JBS,JBS Parade Ground,17.4444775,78.497584,529.0,5,0.2936170212765957,0.21428571428571427,11.0,0.2990654205607477,2.878632502911684,14.105263157894736,0.21684250250760556,2.5497408306991147,19.25,0.1915174562932446,2.4484406458416714,2.62560465981749,2.878632502911684,2.62560465981749,0.3288916722125692,Transit Desert,Transit Desert,Transit Desert,Transit Desert,Transit Desert,529.0,18,0.3829787234042553,2.9702852029656563,2.9702852029656563,"['Morning', 'Midday', 'Evening']",3,Persistent,True,False,6.289139069628137
NAG,Nagole,17.3907683,78.5588222,389.5,3,0.2088145896656535,0.07142857142857142,14.416091954022988,0.4296721647672341,2.834190178825775,17.366666666666667,0.32515252531605765,2.4161116210210696,20.044270833333336,0.2103118012641068,1.9567487248132662,2.402350174886704,2.834190178825775,2.402350174886704,0.4180785578047055,Transit Desert,Transit Desert,Transit Desert,Transit Desert,Transit Desert,389.5,1,0.02127659574468085,2.373761391274985,2.373761391274985,"['Morning', 'Midday', 'Evening']",3,Persistent,True,False,6.604672614467875
UPL,Uppal,17.4000665,78.5601868,638.0,7,0.35987841945288757,0.35714285714285715,28.355555555555554,0.9626168224299065,6.007002244126921,37.46666666666667,0.9926662054217247,6.127199776094193,45.7,0.8173876300639096,5.426085474662933,5.853429164961349,6.007002244126921,5.853429164961349,-0.12019753196727212,Moderate,Moderate,Moderate,Moderate,Moderate,638.0,7,0.14893617021276595,5.3878518876232135,5.3878518876232135,[],0,None,False,False,1.7271393026609916
STD,Stadium,17.4074002,78.5542531,285.0,2,0.1452887537993921,0.0,12.68888888888889,0.3636363636363637,2.180989223542415,20.57777777777778,0.4317923559133699,2.4536131926504403,24.0,0.30391380129931866,1.9420989741942352,2.192233796795697,2.180989223542415,2.192233796795697,-0.2726239691080252,Transit Desert,Transit Desert,Transit Desert,Transit Desert,Transit Desert,285.0,7,0.14893617021276595,2.0046421663442944,2.0046421663442944,"['Morning', 'Midday', 'Evening']",3,Persistent,True,False,6.901637603227211
NGR,NGRI,17.4148264,78.5463345,266.0,5,0.1337386018237082,0.21428571428571427,9.692307692307692,0.24906868832102477,1.8792534766883544,16.05128205128205,0.2814690812678108,2.008855048475499,19.153846153846153,0.18924222663725118,1.6399476299532603,1.8426853850390377,1.8792534766883544,1.8426853850390377,-0.12960157178714438,Transit Desert,Transit Desert,Transit Desert,Transit Desert,Transit Desert,266.0,4,0.0851063829787234,1.7889136614032217,1.7889136614032217,"['Morning', 'Midday', 'Evening']",3,Persistent,True,False,7.395666869823458
HSG,Habsiguda,17.42018,78.540548,471.0,3,0.25835866261398177,0.07142857142857142,10.76923076923077,0.29024246781256136,2.5241917557487255,24.46153846153846,0.5607706338569914,3.6063044199264462,28.807692307692307,0.4176752840989887,3.0339230208944343,3.054806398856535,2.5241917557487255,3.054806398856535,-1.0821126641777208,Transit Desert,Transit Desert,Transit Desert,Transit Desert,Transit Desert,471.0,5,0.10638297872340426,2.186821281720864,2.186821281720864,"['Morning', 'Midday', 'Evening']",3,Persistent,True,False,5.682532907998928
TAR,Tarnaka,17.4274418,78.5300079,742.3,7,0.42328267477203646,0.35714285714285715,8.539272030651341,0.20498491196203092,3.293495878851163,14.324735449735451,0.2241310973935668,3.3700806205773066,18.373511904761905,0.1707776545361714,3.156666849147725,3.2734144495253985,3.293495878851163,3.2734144495253985,-0.0765847417261436,Transit Desert,Transit Desert,Transit Desert,Transit Desert,Transit Desert,742.3,3,0.06382978723404255,2.830395520134585,2.830395520134585,"['Morning', 'Midday', 'Evening']",3,Persistent,True,False,5.373566334810325
MET,Mettuguda,17.4355207,78.5195754,973.4,7,0.5637689969604863,0.35714285714285715,10.556275993057604,0.28210061145929666,4.304390287782475,13.444444444444445,0.1948969536868147,3.9555756566925475,20.360844017094017,0.21780267890234614,4.047198557554673,4.102388167343232,4.304390287782475,4.102388167343232,0.3488146310899274,Moderate,Transit Desert,Moderate,Moderate,Moderate,973.4,5,0.10638297872340426,3.6558323832686317,3.6558323832686317,['Midday'],1,Partial,False,False,4.201948143833645
SEC_E,Secunderabad East,17.4357184,78.5054623,866.0,13,0.49848024316109424,0.7857142857142857,19.70175438596491,0.6317578142467468,5.805146758506745,22.24561403508772,0.4871805906362863,5.226837864064901,38.1578947368421,0.6389234058049575,5.833809124739586,5.621931249103743,5.805146758506745,5.621931249103743,0.578308894441844,Moderate,Moderate,Moderate,Moderate,Moderate,866.0,14,0.2978723404255319,5.58121314013717,5.58121314013717,[],0,None,False,False,2.0543235831300164
PRG,Parade Ground,17.4431943,78.4974687,717.0,16,0.40790273556231005,1.0,16.888250319284804,0.5241896893524352,5.136272435221291,21.51851851851852,0.4630340133201949,4.89164973109233,32.77141203703704,0.511466359932002,5.085379117539558,5.037767094617727,5.136272435221291,5.037767094617727,0.24462270412896103,Moderate,Moderate,Moderate,Moderate,Moderate,717.0,20,0.425531914893617,5.400621359542034,5.400621359542034,[],0,None,False,False,2.879943666374596
PAR,Paradise,17.4434668,78.4862436,857.3,12,0.4931914893617021,0.7142857142857143,14.781893004115227,0.4436577614147708,4.954874206753309,18.74417009602195,0.3708989125542229,4.663838811311117,30.54050925925926,0.4586778718717661,5.0149546485812895,4.877889222215239,4.954874206753309,4.877889222215239,0.2910353954421918,Moderate,Moderate,Moderate,Moderate,Moderate,857.3,20,0.425531914893617,4.9886988214866514,4.9886988214866514,[],0,None,False,False,3.1059047790314454
ROP,Rasoolpura,17.443612,78.4764053,466.3,6,0.25550151975683894,0.2857142857142857,15.163817663817664,0.4582598087270985,3.3962611194068746,17.64814814814815,0.3345004228078636,2.9012235757299347,34.06490384615385,0.542073465540428,3.7315157466601923,3.3430001472656676,3.3962611194068746,3.3430001472656676,0.49503754367693986,Transit Desert,Transit Desert,Transit Desert,Transit Desert,Transit Desert,466.3,9,0.19148936170212766,3.2139701208184013,3.2139701208184013,"['Morning', 'Midday', 'Evening']",3,Persistent,True,False,5.275218380524251
PRN,Prakash Nagar,17.4448889,78.4658749,399.0,5,0.21458966565349544,0.21428571428571427,22.0,0.7196261682242991,4.165738715450388,23.7,0.5354802188816906,3.429154918079954,42.825,0.7493582633497069,4.284667095952019,3.9598535764941203,4.165738715450388,3.9598535764941203,0.7365837973704341,Moderate,Transit Desert,Moderate,Moderate,Transit Desert,399.0,6,0.1276595744680851,3.7826733517029796,3.7826733517029796,['Midday'],1,Partial,False,False,4.4033973766535155
BEG,Begumpet,17.4375661,78.4569341,240.6,8,0.11829787234042553,0.42857142857142855,14.025252525252524,0.41472928091449757,2.6789779139315466,17.872053872053872,0.3419362503581637,2.387805791706211,29.6344696969697,0.43723881182287144,2.7690160375650423,2.6119332477342665,2.6789779139315466,2.6119332477342665,0.2911721222253356,Transit Desert,Transit Desert,Transit Desert,Transit Desert,Transit Desert,240.6,10,0.2127659574468085,2.8276011154195864,2.8276011154195864,"['Morning', 'Midday', 'Evening']",3,Persistent,True,False,6.308461365074617
MUN,Madhura Nagar,17.4369652,78.4390993,47.0,3,0.0006079027355623101,0.07142857142857142,4.285714285714286,0.04235950964922928,0.2439061237033001,11.047619047619047,0.1152992551193696,0.5356651055838615,15.25,0.09686790260391909,0.46193969552205943,0.41383697493640703,0.2439061237033001,0.41383697493640703,-0.2917589818805614,Transit Desert,Transit Desert,Transit Desert,Transit Desert,Transit Desert,47.0,16,0.3404255319148936,0.7681670983619681,0.7681670983619681,"['Morning', 'Midday', 'Evening']",3,Persistent,True,False,9.415109408763184
YUG,Yusufguda,17.4351132,78.4273216,66.0,6,0.0121580547112462,0.2857142857142857,8.0,0.1843670348343246,1.083972698607815,14.242424242424242,0.22139757217435058,1.232094847967919,19.977272727272727,0.20872646605494014,1.1814104234902771,1.1658259900220038,1.083972698607815,1.1658259900220038,-0.14812214936010393,Transit Desert,Transit Desert,Transit Desert,Transit Desert,Transit Desert,66.0,11,0.23404255319148937,1.4674730717681603,1.4674730717681603,"['Morning', 'Midday', 'Evening']",3,Persistent,True,False,8.35229645034014
JR5,Road No 5 Jubilee Hills,17.4300489,78.4232069,86.0,3,0.0243161094224924,0.07142857142857142,3.1777777777777776,0.0,0.19300911854103345,11.022222222222222,0.11445583579680065,0.650832461728236,11.616666666666667,0.010894558002781751,0.23658735055216043,0.36014297694047664,0.19300911854103345,0.36014297694047664,-0.4578233431872025,Transit Desert,Transit Desert,Transit Desert,Transit Desert,Transit Desert,86.0,5,0.10638297872340426,0.3518237082066869,0.3518237082066869,"['Morning', 'Midday', 'Evening']",3,Persistent,True,False,9.490997055676642
JCP,Jubilee Hills Checkpost,17.4281969,78.4137145,96.0,5,0.030395136778115502,0.21428571428571427,3.4583333333333335,0.010726423109600692,0.4091670906146946,8.6875,0.036920561041574956,0.5139436423425916,11.15625,0.0,0.36626139817629183,0.4297907103778593,0.4091670906146946,0.4297907103778593,-0.10477655172789702,Transit Desert,Transit Desert,Transit Desert,Transit Desert,Transit Desert,96.0,2,0.0425531914893617,0.5291838182696206,0.5291838182696206,"['Morning', 'Midday', 'Evening']",3,Persistent,True,False,9.39256142412208
PED,Peddamma Gudi,17.4306512,78.4083721,69.0,6,0.01398176291793313,0.2857142857142857,5.125,0.07444774851316908,0.6534140943566278,11.541666666666668,0.13170639662871883,0.8824486868188266,16.875,0.13531928379020758,0.8969002354647816,0.8109210055467453,0.6534140943566278,0.8109210055467453,-0.22903459246219882,Transit Desert,Transit Desert,Transit Desert,Transit Desert,Transit Desert,69.0,0,0.0,0.7380747185802862,0.7380747185802862,"['Morning', 'Midday', 'Evening']",3,Persistent,True,False,8.853896352655598
MAD,Madhapur,17.4372637,78.4004257,69.0,7,0.01398176291793313,0.35714285714285715,4.666666666666667,0.05692438402718779,0.654749207841274,7.575757575757575,0.0,0.42705167173252284,11.636363636363637,0.011360635350494334,0.47249421313450013,0.5180983642360989,0.654749207841274,0.5180983642360989,0.22769753610875115,Transit Desert,Transit Desert,Transit Desert,Transit Desert,Transit Desert,69.0,9,0.19148936170212766,1.0711198425754005,1.0711198425754005,"['Morning', 'Midday', 'Evening']",3,Persistent,True,False,9.267753059949644
DGC,Durgam Cheruvu,17.4429466,78.3875721,46.0,3,0.0,0.07142857142857142,9.866666666666667,0.2557349192863212,1.0943682485738562,10.4,0.09379206239386127,0.4465968210040166,22.4,0.2660539798235884,1.135644490722925,0.8922031867669326,1.0943682485738562,0.8922031867669326,0.6477714275698396,Transit Desert,Transit Desert,Transit Desert,Transit Desert,Transit Desert,46.0,23,0.48936170212765956,1.7362576278364705,1.7362576278364705,"['Morning', 'Midday', 'Evening']",3,Persistent,True,False,8.739017340121256
HTC,HITEC City,17.4490055,78.3831376,259.0,7,0.12948328267477205,0.35714285714285715,7.8730158730158735,0.17951207670833844,1.7226075773500713,11.269841269841269,0.12267917419184793,1.4952759672841092,20.845238095238095,0.22926459972886845,1.9216176694321916,1.7131670713554572,1.7226075773500713,1.7131670713554572,0.22733161006596214,Transit Desert,Transit Desert,Transit Desert,Transit Desert,Transit Desert,259.0,21,0.44680851063829785,2.287410809512619,2.287410809512619,"['Morning', 'Midday', 'Evening']",3,Persistent,True,False,7.578719732796917
RDG,Raidurg,17.442,78.3772038,622.5,7,0.3504559270516717,0.35714285714285715,6.82088122605364,0.13928602818386898,2.6665666051366914,14.546296296296296,0.2314890524211865,3.035378702085962,15.294560185185183,0.0979223030139419,2.5011117044569837,2.7343523372265452,2.6665666051366914,2.7343523372265452,-0.36881209694927053,Transit Desert,Transit Desert,Transit Desert,Transit Desert,Transit Desert,622.5,47,1.0,3.749811129038678,3.749811129038678,"['Morning', 'Midday', 'Evening']",3,Persistent,True,False,6.135442089446057
