stop_id,stop_name,scenario_id,scenario_name,intervention_type,cost_band,current_lmci,simulated_lmci,lmci_gain,priority_score,demand_signal,intervention_readiness,impact_multiplier,simulated_daily_ridership_gain,simulated_conversion_gain,network_value_score,mclp_selected,desert_severity,simulation_priority_score
RDG,Raidurg,S1,Feeder Shuttle Integration,feeder,Medium,3.749811129038678,6.543811129038678,2.7940000000000005,75.86,47.0,1.0,1.27,225.38944,40.5700992,9.307916949944618,True,Persistent,123.08
RDG,Raidurg,S2,E-Rickshaw Last-Mile Loop,micromobility,Low,3.749811129038678,5.527811129038678,1.7779999999999998,75.86,47.0,1.0,1.27,210.10880000000003,37.819584000000006,7.371336140573078,True,Persistent,84.72
RDG,Raidurg,S3,Bus Frequency Enhancement,frequency,Medium,3.749811129038678,6.035811129038678,2.286,75.86,47.0,1.0,1.27,217.74911999999998,39.1948416,8.278718544589452,True,Persistent,103.65
RDG,Raidurg,S4,Integrated Multimodal Hub,multimodal,High,3.749811129038678,6.749811129038678,3.0,75.86,47.0,1.0,1.37,255.49952000000005,45.98991360000001,10.726799846268266,True,Persistent,135.21
RDG,Raidurg,S5,Pedestrian Access Upgrade,walkability,Low,3.749811129038678,5.019811129038678,1.27,75.86,47.0,1.0,1.27,202.46848,36.4443264,6.5664149378954955,True,Persistent,66.19
MSH,Musheerabad,S1,Feeder Shuttle Integration,feeder,Medium,3.1133971213713707,5.208897121371371,2.0955000000000004,71.14,34.0,0.75,1.27,122.28575999999998,22.011436799999995,7.409135265438639,True,Persistent,93.6
MSH,Musheerabad,S2,E-Rickshaw Last-Mile Loop,micromobility,Low,3.1133971213713707,4.446897121371371,1.3334999999999997,71.14,34.0,0.75,1.27,113.99520000000001,20.519136,5.929937311348723,True,Persistent,64.75
MSH,Musheerabad,S3,Bus Frequency Enhancement,frequency,Medium,3.1133971213713707,4.827897121371371,1.7145000000000001,71.14,34.0,0.75,1.27,118.14047999999998,21.265286399999997,6.621943691672972,True,Persistent,78.99
MSH,Musheerabad,S4,Integrated Multimodal Hub,multimodal,High,3.1133971213713707,5.9903971213713705,2.877,71.14,34.0,0.75,1.37,138.62208,24.9519744,9.519939105283381,True,Persistent,125.64
MSH,Musheerabad,S5,Pedestrian Access Upgrade,walkability,Low,3.1133971213713707,4.06589712137137,0.9525,71.14,34.0,0.75,1.27,109.84992000000001,19.772985600000002,5.31860002446589,True,Persistent,50.84
SRN,S. R. Nagar,S1,Feeder Shuttle Integration,feeder,Medium,2.69489561194423,4.69139561194423,1.9965000000000002,63.18,27.0,0.75,1.21,92.52144,16.6538592,6.357779333306821,False,Persistent,86.16
SRN,S. R. Nagar,S2,E-Rickshaw Last-Mile Loop,micromobility,Low,2.69489561194423,3.96539561194423,1.2704999999999997,63.18,27.0,0.75,1.21,86.24880000000002,15.524784000000002,5.038035124975145,False,Persistent,59.04
SRN,S. R. Nagar,S3,Bus Frequency Enhancement,frequency,Medium,2.69489561194423,4.32839561194423,1.6335,63.18,27.0,0.75,1.21,89.38512,16.089321599999998,5.65634738568872,False,Persistent,72.43
SRN,S. R. Nagar,S4,Integrated Multimodal Hub,multimodal,High,2.69489561194423,5.44589561194423,2.7509999999999994,63.18,27.0,0.75,1.31,105.26112,18.9470016,8.27558297191045,False,Persistent,116.58
SRN,S. R. Nagar,S5,Pedestrian Access Upgrade,walkability,Low,2.69489561194423,3.60239561194423,0.9075,63.18,27.0,0.75,1.21,83.11248000000002,14.960246400000003,4.489665651166094,False,Persistent,45.93
AME,Ameerpet,S1,Feeder Shuttle Integration,feeder,Medium,2.9885318077229988,5.084031807722999,2.0955000000000004,62.69,35.0,0.75,1.27,125.8824,22.658832,7.231526843305194,True,Persistent,92.92
AME,Ameerpet,S2,E-Rickshaw Last-Mile Loop,micromobility,Low,2.9885318077229988,4.322031807722999,1.3334999999999997,62.69,35.0,0.75,1.27,117.34800000000001,21.12264,5.763429415598619,True,Persistent,64.11
AME,Ameerpet,S3,Bus Frequency Enhancement,frequency,Medium,2.9885318077229988,4.703031807722999,1.7145000000000001,62.69,35.0,0.75,1.27,121.61519999999999,21.890735999999997,6.450678427472866,True,Persistent,78.33
AME,Ameerpet,S4,Integrated Multimodal Hub,multimodal,High,2.9885318077229988,5.8655318077229985,2.877,62.69,35.0,0.75,1.37,142.69920000000002,25.685856,9.32150314883339,True,Persistent,124.88
AME,Ameerpet,S5,Pedestrian Access Upgrade,walkability,Low,2.9885318077229988,3.941031807722999,0.9525,62.69,35.0,0.75,1.27,113.0808,20.354543999999997,5.1552637076824555,True,Persistent,50.21
MGB,Mahatma Gandhi Bus Station,S1,Feeder Shuttle Integration,feeder,Medium,2.067245172802937,3.964745172802937,1.8975,57.67,23.0,0.75,1.15,74.90639999999999,13.483151999999999,5.106591782570183,False,Persistent,78.03
MGB,Mahatma Gandhi Bus Station,S2,E-Rickshaw Last-Mile Loop,micromobility,Low,2.067245172802937,3.2747451728029366,1.2074999999999998,57.67,23.0,0.75,1.15,69.828,12.56904,3.9542547961595456,False,Persistent,52.67
MGB,Mahatma Gandhi Bus Station,S3,Bus Frequency Enhancement,frequency,Medium,2.067245172802937,3.6197451728029373,1.5525,57.67,23.0,0.75,1.15,72.3672,13.026095999999999,4.495723504621248,False,Persistent,65.21
MGB,Mahatma Gandhi Bus Station,S4,Integrated Multimodal Hub,multimodal,High,2.067245172802937,4.692245172802936,2.6249999999999996,57.67,23.0,0.75,1.25,85.56,15.4008,6.803755500564257,False,Persistent,106.74
MGB,Mahatma Gandhi Bus Station,S5,Pedestrian Access Upgrade,walkability,Low,2.067245172802937,2.929745172802937,0.8624999999999999,57.67,23.0,0.75,1.15,67.28880000000001,12.111984000000001,3.4702831571850785,False,Persistent,40.36
MUN,Madhura Nagar,S1,Feeder Shuttle Integration,feeder,Medium,0.7681670983619681,2.665667098361968,1.8975,55.55,16.0,0.75,1.15,52.108799999999995,9.379584,3.433379222690215,False,Persistent,71.13
MUN,Madhura Nagar,S2,E-Rickshaw Last-Mile Loop,micromobility,Low,0.7681670983619681,1.975667098361968,1.2074999999999998,55.55,16.0,0.75,1.15,48.57600000000001,8.743680000000001,2.385618021272076,False,Persistent,46.2
MUN,Madhura Nagar,S3,Bus Frequency Enhancement,frequency,Medium,0.7681670983619681,2.320667098361968,1.5525,55.55,16.0,0.75,1.15,50.34239999999999,9.061631999999998,2.8822685361655647,False,Persistent,58.56
MUN,Madhura Nagar,S4,Integrated Multimodal Hub,multimodal,High,0.7681670983619681,3.3931670983619675,2.6249999999999996,55.55,16.0,0.75,1.25,59.519999999999996,10.7136,4.920092292624853,False,Persistent,98.97
MUN,Madhura Nagar,S5,Pedestrian Access Upgrade,walkability,Low,0.7681670983619681,1.630667098361968,0.8624999999999999,55.55,16.0,0.75,1.15,46.8096,8.425728,1.931525178009751,False,Persistent,34.02
DGC,Durgam Cheruvu,S1,Feeder Shuttle Integration,feeder,Medium,1.7362576278364703,3.00125762783647,1.265,53.62,23.0,0.5,1.15,49.937599999999996,8.988767999999999,3.8656198246533737,False,Persistent,53.86
DGC,Durgam Cheruvu,S2,E-Rickshaw Last-Mile Loop,micromobility,Low,1.7362576278364703,2.5412576278364702,0.8049999999999999,53.62,23.0,0.5,1.15,46.55200000000001,8.37936,3.0685685856125375,False,Persistent,36.84
DGC,Durgam Cheruvu,S3,Bus Frequency Enhancement,frequency,Medium,1.7362576278364703,2.7712576278364702,1.035,53.62,23.0,0.5,1.15,48.24479999999999,8.684063999999998,3.4419019737728958,False,Persistent,45.25
DGC,Durgam Cheruvu,S4,Integrated Multimodal Hub,multimodal,High,1.7362576278364703,3.48625762783647,1.75,53.62,23.0,0.5,1.25,57.040000000000006,10.2672,5.055073560362882,False,Persistent,73.23
DGC,Durgam Cheruvu,S5,Pedestrian Access Upgrade,walkability,Low,1.7362576278364703,2.3112576278364703,0.575,53.62,23.0,0.5,1.15,44.85920000000001,8.074656000000001,2.737684660172299,False,Persistent,28.6
KHA,Khairatabad,S1,Feeder Shuttle Integration,feeder,Medium,4.209177587839349,5.606177587839349,1.3970000000000002,53.05,28.0,0.5,1.27,67.13728,12.0847104,7.974227000942691,True,Persistent,74.41
KHA,Khairatabad,S2,E-Rickshaw Last-Mile Loop,micromobility,Low,4.209177587839349,5.098177587839349,0.8889999999999999,53.05,28.0,0.5,1.27,62.585600000000014,11.265408000000003,6.798419813383773,True,Persistent,54.43
KHA,Khairatabad,S3,Bus Frequency Enhancement,frequency,Medium,4.209177587839349,5.352177587839349,1.143,53.05,28.0,0.5,1.27,64.86144,11.6750592,7.341046779480452,True,Persistent,64.24
KHA,Khairatabad,S4,Integrated Multimodal Hub,multimodal,High,4.209177587839349,6.127177587839349,1.918,53.05,28.0,0.5,1.37,76.10624000000001,13.699123200000002,9.737310622594293,True,Persistent,97.17
KHA,Khairatabad,S5,Pedestrian Access Upgrade,walkability,Low,4.209177587839349,4.844177587839349,0.635,53.05,28.0,0.5,1.27,60.30976000000001,10.855756800000002,6.336668702652653,True,Persistent,44.94
GNH,Gandhi Hospital,S1,Feeder Shuttle Integration,feeder,Medium,2.414700064302371,3.679700064302371,1.265,51.41,21.0,0.5,1.15,45.59519999999999,8.207135999999998,4.739453682821454,False,Persistent,57.32
GNH,Gandhi Hospital,S2,E-Rickshaw Last-Mile Loop,micromobility,Low,2.414700064302371,3.219700064302371,0.8049999999999999,51.41,21.0,0.5,1.15,42.504000000000005,7.650720000000001,3.8877878276451128,False,Persistent,40.08
GNH,Gandhi Hospital,S3,Bus Frequency Enhancement,frequency,Medium,2.414700064302371,3.4497000643023705,1.035,51.41,21.0,0.5,1.15,44.04959999999999,7.928927999999998,4.284527479863544,False,Persistent,48.58
GNH,Gandhi Hospital,S4,Integrated Multimodal Hub,multimodal,High,2.414700064302371,4.164700064302371,1.75,51.41,21.0,0.5,1.25,52.08,9.3744,6.038815093238438,False,Persistent,77.12
GNH,Gandhi Hospital,S5,Pedestrian Access Upgrade,walkability,Low,2.414700064302371,2.9897000643023706,0.575,51.41,21.0,0.5,1.15,40.958400000000005,7.372512,3.541299726166158,False,Persistent,31.78
HTC,HITEC City,S1,Feeder Shuttle Integration,feeder,Medium,2.287410809512619,3.552410809512619,1.265,51.02,21.0,0.5,1.15,45.59519999999999,8.207135999999998,4.575505122652253,False,Persistent,56.66
HTC,HITEC City,S2,E-Rickshaw Last-Mile Loop,micromobility,Low,2.287410809512619,3.092410809512619,0.8049999999999999,51.02,21.0,0.5,1.15,42.504000000000005,7.650720000000001,3.7340860524864867,False,Persistent,39.47
HTC,HITEC City,S3,Bus Frequency Enhancement,frequency,Medium,2.287410809512619,3.3224108095126192,1.035,51.02,21.0,0.5,1.15,44.04959999999999,7.928927999999998,4.126434225414673,False,Persistent,47.95
HTC,HITEC City,S4,Integrated Multimodal Hub,multimodal,High,2.287410809512619,4.037410809512619,1.75,51.02,21.0,0.5,1.25,52.08,9.3744,5.854245673793297,False,Persistent,76.39
HTC,HITEC City,S5,Pedestrian Access Upgrade,walkability,Low,2.287410809512619,2.8624108095126193,0.575,51.02,21.0,0.5,1.15,40.958400000000005,7.372512,3.3905256038676974,False,Persistent,31.18
NAM,Nampally,S1,Feeder Shuttle Integration,feeder,Medium,2.510176880383564,3.7751768803835635,1.265,48.66,24.0,0.5,1.15,52.108799999999995,9.379584,4.86242782193403,False,Persistent,57.87
NAM,Nampally,S2,E-Rickshaw Last-Mile Loop,micromobility,Low,2.510176880383564,3.3151768803835635,0.8049999999999999,48.66,24.0,0.5,1.15,48.576,8.74368,4.003076083063153,False,Persistent,40.6
NAM,Nampally,S3,Bus Frequency Enhancement,frequency,Medium,2.510176880383564,3.545176880383564,1.035,48.66,24.0,0.5,1.15,50.34239999999999,9.061631999999998,4.4031096854363865,False,Persistent,49.12
NAM,Nampally,S4,Integrated Multimodal Hub,multimodal,High,2.510176880383564,4.260176880383564,1.75,48.66,24.0,0.5,1.25,59.519999999999996,10.7136,6.177256476556167,False,Persistent,77.74
NAM,Nampally,S5,Pedestrian Access Upgrade,walkability,Low,2.510176880383564,3.085176880383564,0.575,48.66,24.0,0.5,1.15,46.809599999999996,8.425728,3.6543920148143316,False,Persistent,32.29
RTC,RTC Cross Roads,S1,Feeder Shuttle Integration,feeder,Medium,3.425800129809873,4.6908001298098725,1.265,47.74,23.0,0.5,1.15,49.937599999999996,8.988767999999999,6.041750567195116,False,Persistent,62.57
RTC,RTC Cross Roads,S2,E-Rickshaw Last-Mile Loop,micromobility,Low,3.425800129809873,4.2308001298098725,0.8049999999999999,47.74,23.0,0.5,1.15,46.55200000000001,8.37936,5.1086911567454205,False,Persistent,45.0
RTC,RTC Cross Roads,S3,Bus Frequency Enhancement,frequency,Medium,3.425800129809873,4.460800129809873,1.035,47.74,23.0,0.5,1.15,48.24479999999999,8.684063999999998,5.540313761223862,False,Persistent,53.65
RTC,RTC Cross Roads,S4,Integrated Multimodal Hub,multimodal,High,3.425800129809873,5.175800129809873,1.75,47.74,23.0,0.5,1.25,57.040000000000006,10.2672,7.504910188224315,False,Persistent,83.03
RTC,RTC Cross Roads,S5,Pedestrian Access Upgrade,walkability,Low,3.425800129809873,4.000800129809873,0.575,47.74,23.0,0.5,1.15,44.85920000000001,8.074656000000001,4.738947753759795,False,Persistent,36.61
JBS,JBS Parade Ground,S1,Feeder Shuttle Integration,feeder,Medium,2.9702852029656563,4.235285202965656,1.265,47.6,18.0,0.5,1.15,39.0816,7.034688,5.455047341419766,False,Persistent,60.12
JBS,JBS Parade Ground,S2,E-Rickshaw Last-Mile Loop,micromobility,Low,2.9702852029656563,3.775285202965656,0.8049999999999999,47.6,18.0,0.5,1.15,36.432,6.55776,4.55865688258103,False,Persistent,42.71
JBS,JBS Parade Ground,S3,Bus Frequency Enhancement,frequency,Medium,2.9702852029656563,4.0052852029656565,1.035,47.6,18.0,0.5,1.15,37.7568,6.796224,4.9745642220833455,False,Persistent,51.29
JBS,JBS Parade Ground,S4,Integrated Multimodal Hub,multimodal,High,2.9702852029656563,4.720285202965656,1.75,47.6,18.0,0.5,1.25,44.64,8.0352,6.844413544300201,False,Persistent,80.28
JBS,JBS Parade Ground,S5,Pedestrian Access Upgrade,walkability,Low,2.9702852029656563,3.5452852029656565,0.575,47.6,18.0,0.5,1.15,35.1072,6.319296,4.19939032291282,False,Persistent,34.36
MAD,Madhapur,S1,Feeder Shuttle Integration,feeder,Medium,1.0711198425754005,2.3361198425754006,1.265,47.58,9.0,0.5,1.15,19.5408,3.517344,3.008922357237116,False,Persistent,50.16
MAD,Madhapur,S2,E-Rickshaw Last-Mile Loop,micromobility,Low,1.0711198425754005,1.8761198425754004,0.8049999999999999,47.58,9.0,0.5,1.15,18.216,3.27888,2.265414709909796,False,Persistent,33.38
MAD,Madhapur,S3,Bus Frequency Enhancement,frequency,Medium,1.0711198425754005,2.1061198425754,1.035,47.58,9.0,0.5,1.15,18.8784,3.398112,2.615800844478647,False,Persistent,41.68
MAD,Madhapur,S4,Integrated Multimodal Hub,multimodal,High,1.0711198425754005,2.8211198425754005,1.75,47.58,9.0,0.5,1.25,22.32,4.0176,4.090623771734331,False,Persistent,69.06
MAD,Madhapur,S5,Pedestrian Access Upgrade,walkability,Low,1.0711198425754005,1.6461198425754004,0.575,47.58,9.0,0.5,1.15,17.5536,3.159648,1.9498289535305617,False,Persistent,25.21
JR5,Road No 5 Jubilee Hills,S1,Feeder Shuttle Integration,feeder,Medium,0.3518237082066869,1.6168237082066867,1.265,45.73,5.0,0.5,1.15,10.855999999999998,1.9540799999999996,2.0824689361702124,False,Persistent,46.38
JR5,Road No 5 Jubilee Hills,S2,E-Rickshaw Last-Mile Loop,micromobility,Low,0.3518237082066869,1.1568237082066868,0.8049999999999999,45.73,5.0,0.5,1.15,10.12,1.8215999999999999,1.3968646276595744,False,Persistent,29.83
JR5,Road No 5 Jubilee Hills,S3,Bus Frequency Enhancement,frequency,Medium,0.3518237082066869,1.3868237082066868,1.035,45.73,5.0,0.5,1.15,10.487999999999998,1.8878399999999995,1.722435045592705,False,Persistent,38.03
JR5,Road No 5 Jubilee Hills,S4,Integrated Multimodal Hub,multimodal,High,0.3518237082066869,2.101823708206687,1.75,45.73,5.0,0.5,1.25,12.4,2.2319999999999998,3.047644376899696,False,Persistent,64.8
JR5,Road No 5 Jubilee Hills,S5,Pedestrian Access Upgrade,walkability,Low,0.3518237082066869,0.9268237082066868,0.575,45.73,5.0,0.5,1.15,9.751999999999999,1.7553599999999998,1.0978226823708206,False,Persistent,21.73
BLR,Balanagar,S1,Feeder Shuttle Integration,feeder,Medium,0.7526046333861008,2.017604633386101,1.265,45.51,2.0,0.5,1.15,5.427999999999999,0.9770399999999998,2.5986747678012976,False,Persistent,48.39
BLR,Balanagar,S2,E-Rickshaw Last-Mile Loop,micromobility,Low,0.7526046333861008,1.557604633386101,0.8049999999999999,45.51,2.0,0.5,1.15,5.06,0.9107999999999999,1.8808075948137166,False,Persistent,31.72
BLR,Balanagar,S3,Bus Frequency Enhancement,frequency,Medium,0.7526046333861008,1.7876046333861009,1.035,45.51,2.0,0.5,1.15,5.243999999999999,0.9439199999999998,2.220204954665537,False,Persistent,39.98
BLR,Balanagar,S4,Integrated Multimodal Hub,multimodal,High,0.7526046333861008,2.5026046333861007,1.75,45.51,2.0,0.5,1.25,6.2,1.1159999999999999,3.6287767184098456,False,Persistent,67.07
BLR,Balanagar,S5,Pedestrian Access Upgrade,walkability,Low,0.7526046333861008,1.327604633386101,0.575,45.51,2.0,0.5,1.15,4.8759999999999994,0.8776799999999999,1.5725476882458365,False,Persistent,23.58
GAB,Gandhi Bhavan,S1,Feeder Shuttle Integration,feeder,Medium,3.699247540181939,4.964247540181939,1.265,44.64,26.0,0.5,1.15,56.4512,10.161216,6.393950831754337,False,Persistent,64.03
GAB,Gandhi Bhavan,S2,E-Rickshaw Last-Mile Loop,micromobility,Low,3.699247540181939,4.504247540181939,0.8049999999999999,44.64,26.0,0.5,1.15,52.624,9.47232,5.43887890476969,False,Persistent,46.38
GAB,Gandhi Bhavan,S3,Bus Frequency Enhancement,frequency,Medium,3.699247540181939,4.734247540181939,1.035,44.64,26.0,0.5,1.15,54.5376,9.816768,5.879935444905969,False,Persistent,55.06
GAB,Gandhi Bhavan,S4,Integrated Multimodal Hub,multimodal,High,3.699247540181939,5.449247540181939,1.75,44.64,26.0,0.5,1.25,64.48,11.6064,7.90140893326381,False,Persistent,84.69
GAB,Gandhi Bhavan,S5,Pedestrian Access Upgrade,walkability,Low,3.699247540181939,4.274247540181939,0.575,44.64,26.0,0.5,1.15,50.7104,9.127872,5.062846211345507,False,Persistent,37.96
YUG,Yusufguda,S1,Feeder Shuttle Integration,feeder,Medium,1.4674730717681603,2.73247307176816,1.265,44.26,11.0,0.5,1.15,23.8832,4.298976,3.5194253164373905,False,Persistent,52.24
YUG,Yusufguda,S2,E-Rickshaw Last-Mile Loop,micromobility,Low,1.4674730717681603,2.27247307176816,0.8049999999999999,44.26,11.0,0.5,1.15,22.264000000000003,4.00752,2.7440112341600535,False,Persistent,35.33
YUG,Yusufguda,S3,Bus Frequency Enhancement,frequency,Medium,1.4674730717681603,2.5024730717681605,1.035,44.26,11.0,0.5,1.15,23.0736,4.153248,3.108071555136055,False,Persistent,43.69
YUG,Yusufguda,S4,Integrated Multimodal Hub,multimodal,High,1.4674730717681603,3.2174730717681603,1.75,44.26,11.0,0.5,1.25,27.28,4.9104,4.665335954063832,False,Persistent,71.41
YUG,Yusufguda,S5,Pedestrian Access Upgrade,walkability,Low,1.4674730717681603,2.0424730717681605,0.575,44.26,11.0,0.5,1.15,21.4544,3.861792,2.4193093535093864,False,Persistent,27.12
NAR,Narayanaguda,S1,Feeder Shuttle Integration,feeder,Medium,3.630385792260094,4.895385792260094,1.265,43.26,17.0,0.5,1.15,36.910399999999996,6.643871999999999,6.305256900431002,False,Persistent,63.5
NAR,Narayanaguda,S2,E-Rickshaw Last-Mile Loop,micromobility,Low,3.630385792260094,4.435385792260094,0.8049999999999999,43.26,17.0,0.5,1.15,34.408,6.19344,5.3557283441540635,False,Persistent,45.88
NAR,Narayanaguda,S3,Bus Frequency Enhancement,frequency,Medium,3.630385792260094,4.665385792260094,1.035,43.26,17.0,0.5,1.15,35.65919999999999,6.418655999999999,5.794409153987036,False,Persistent,54.55
NAR,Narayanaguda,S4,Integrated Multimodal Hub,multimodal,High,3.630385792260094,5.380385792260094,1.75,43.26,17.0,0.5,1.25,42.160000000000004,7.5888,7.801559398777136,False,Persistent,84.09
NAR,Narayanaguda,S5,Pedestrian Access Upgrade,walkability,Low,3.630385792260094,4.205385792260094,0.575,43.26,17.0,0.5,1.15,33.1568,5.968223999999999,4.981279470932081,False,Persistent,37.47
CDP,Chikkadpally,S1,Feeder Shuttle Integration,feeder,Medium,3.3162391804203777,4.581239180420377,1.265,43.15,16.0,0.5,1.15,34.7392,6.253055999999999,5.9006360643814455,False,Persistent,61.87
CDP,Chikkadpally,S2,E-Rickshaw Last-Mile Loop,micromobility,Low,3.3162391804203777,4.121239180420377,0.8049999999999999,43.15,16.0,0.5,1.15,32.384,5.82912,4.976396310357606,False,Persistent,44.35
CDP,Chikkadpally,S3,Bus Frequency Enhancement,frequency,Medium,3.3162391804203777,4.351239180420378,1.035,43.15,16.0,0.5,1.15,33.56159999999999,6.0410879999999985,5.40423906208211,False,Persistent,52.97
CDP,Chikkadpally,S4,Integrated Multimodal Hub,multimodal,High,3.3162391804203777,5.066239180420378,1.75,43.15,16.0,0.5,1.25,39.68,7.142399999999999,7.346046811609547,False,Persistent,82.24
CDP,Chikkadpally,S5,Pedestrian Access Upgrade,walkability,Low,3.3162391804203777,3.891239180420378,0.575,43.15,16.0,0.5,1.15,31.206400000000002,5.617152,4.609172809207937,False,Persistent,35.97
KPH,KPHB Colony,S1,Feeder Shuttle Integration,feeder,Medium,1.8442654211241856,3.1092654211241855,1.265,42.53,7.0,0.5,1.15,15.1984,2.735712,4.004733862407951,False,Persistent,54.11
KPH,KPHB Colony,S2,E-Rickshaw Last-Mile Loop,micromobility,Low,1.8442654211241856,2.6492654211241855,0.8049999999999999,42.53,7.0,0.5,1.15,14.168000000000001,2.55024,3.198987996007454,False,Persistent,37.07
KPH,KPHB Colony,S3,Bus Frequency Enhancement,frequency,Medium,1.8442654211241856,2.8792654211241855,1.035,42.53,7.0,0.5,1.15,14.6832,2.642976,3.5760476530362384,False,Persistent,45.49
KPH,KPHB Colony,S4,Integrated Multimodal Hub,multimodal,High,1.8442654211241856,3.5942654211241853,1.75,42.53,7.0,0.5,1.25,17.360000000000003,3.1248000000000005,5.2116848606300685,False,Persistent,73.5
KPH,KPHB Colony,S5,Pedestrian Access Upgrade,walkability,Low,1.8442654211241856,2.4192654211241855,0.575,42.53,7.0,0.5,1.15,13.652800000000001,2.457504,2.8656198913215976,False,Persistent,28.84
ESI,ESI Hospital,S1,Feeder Shuttle Integration,feeder,Medium,1.614976284734686,2.8799762847346857,1.265,42.05,4.0,0.5,1.15,8.6848,1.5632639999999998,3.709409454738275,False,Persistent,52.87
ESI,ESI Hospital,S2,E-Rickshaw Last-Mile Loop,micromobility,Low,1.614976284734686,2.4199762847346857,0.8049999999999999,42.05,4.0,0.5,1.15,8.096,1.45728,2.9221213638171326,False,Persistent,35.91
ESI,ESI Hospital,S3,Bus Frequency Enhancement,frequency,Medium,1.614976284734686,2.649976284734686,1.035,42.05,4.0,0.5,1.15,8.390399999999998,1.5102719999999996,3.2912705456404803,False,Persistent,44.29
ESI,ESI Hospital,S4,Integrated Multimodal Hub,multimodal,High,1.614976284734686,3.364976284734686,1.75,42.05,4.0,0.5,1.25,9.92,1.7855999999999999,4.879215612865294,False,Persistent,72.11
ESI,ESI Hospital,S5,Pedestrian Access Upgrade,walkability,Low,1.614976284734686,2.189976284734686,0.575,42.05,4.0,0.5,1.15,7.8016000000000005,1.404288,2.5940269092682353,False,Persistent,27.7
JCP,Jubilee Hills Checkpost,S1,Feeder Shuttle Integration,feeder,Medium,0.5291838182696206,1.7941838182696204,1.265,42.01,2.0,0.5,1.15,5.427999999999999,0.9770399999999998,2.3109087579312715,False,Persistent,47.24
JCP,Jubilee Hills Checkpost,S2,E-Rickshaw Last-Mile Loop,micromobility,Low,0.5291838182696206,1.3341838182696204,0.8049999999999999,42.01,2.0,0.5,1.15,5.06,0.9107999999999999,1.6110269605605667,False,Persistent,30.64
JCP,Jubilee Hills Checkpost,S3,Bus Frequency Enhancement,frequency,Medium,0.5291838182696206,1.5641838182696204,1.035,42.01,2.0,0.5,1.15,5.243999999999999,0.9439199999999998,1.9427163022908684,False,Persistent,38.87
JCP,Jubilee Hills Checkpost,S4,Integrated Multimodal Hub,multimodal,High,0.5291838182696206,2.2791838182696207,1.75,42.01,2.0,0.5,1.25,6.2,1.1159999999999999,3.30481653649095,False,Persistent,65.78
JCP,Jubilee Hills Checkpost,S5,Pedestrian Access Upgrade,walkability,Low,0.5291838182696206,1.1041838182696204,0.575,42.01,2.0,0.5,1.15,4.8759999999999994,0.8776799999999999,1.3079057327403654,False,Persistent,22.53
HSG,Habsiguda,S1,Feeder Shuttle Integration,feeder,Medium,2.186821281720864,3.451821281720864,1.265,41.85,5.0,0.5,1.15,10.855999999999998,1.9540799999999996,4.445945810856474,False,Persistent,55.83
HSG,Habsiguda,S2,E-Rickshaw Last-Mile Loop,micromobility,Low,2.186821281720864,2.9918212817208643,0.8049999999999999,41.85,5.0,0.5,1.15,10.12,1.8215999999999999,3.612624197677943,False,Persistent,38.69
HSG,Habsiguda,S3,Bus Frequency Enhancement,frequency,Medium,2.186821281720864,3.221821281720864,1.035,41.85,5.0,0.5,1.15,10.487999999999998,1.8878399999999995,4.001502031897313,False,Persistent,47.15
HSG,Habsiguda,S4,Integrated Multimodal Hub,multimodal,High,2.186821281720864,3.936821281720864,1.75,41.85,5.0,0.5,1.25,12.4,2.2319999999999998,5.708390858495252,False,Persistent,75.45
HSG,Habsiguda,S5,Pedestrian Access Upgrade,walkability,Low,2.186821281720864,2.761821281720864,0.575,41.85,5.0,0.5,1.15,9.751999999999999,1.7553599999999998,3.271377308198363,False,Persistent,30.42
ROP,Rasoolpura,S1,Feeder Shuttle Integration,feeder,Medium,3.2139701208184013,4.478970120818401,1.265,41.37,9.0,0.5,1.15,19.5408,3.517344,5.768913515614101,False,Persistent,61.2
ROP,Rasoolpura,S2,E-Rickshaw Last-Mile Loop,micromobility,Low,3.2139701208184013,4.018970120818401,0.8049999999999999,41.37,9.0,0.5,1.15,18.216,3.27888,4.852906420888219,False,Persistent,43.73
ROP,Rasoolpura,S3,Bus Frequency Enhancement,frequency,Medium,3.2139701208184013,4.248970120818401,1.035,41.37,9.0,0.5,1.15,18.8784,3.398112,5.277220890056455,False,Persistent,52.33
ROP,Rasoolpura,S4,Integrated Multimodal Hub,multimodal,High,3.2139701208184013,4.963970120818401,1.75,41.37,9.0,0.5,1.25,22.32,4.0176,7.197756675186682,False,Persistent,81.49
ROP,Rasoolpura,S5,Pedestrian Access Upgrade,walkability,Low,3.2139701208184013,3.7889701208184015,0.575,41.37,9.0,0.5,1.15,17.5536,3.159648,4.488035108109396,False,Persistent,35.36
ASM,Assembly,S1,Feeder Shuttle Integration,feeder,Medium,3.372593306056588,4.637593306056588,1.265,41.36,15.0,0.5,1.15,32.568,5.862239999999999,5.973220178200885,False,Persistent,62.14
ASM,Assembly,S2,E-Rickshaw Last-Mile Loop,micromobility,Low,3.372593306056588,4.177593306056588,0.8049999999999999,41.36,15.0,0.5,1.15,30.36,5.464799999999999,5.0444439170633295,False,Persistent,44.6
ASM,Assembly,S3,Bus Frequency Enhancement,frequency,Medium,3.372593306056588,4.4075933060565875,1.035,41.36,15.0,0.5,1.15,31.464,5.663519999999999,5.474230886122282,False,Persistent,53.23
ASM,Assembly,S4,Integrated Multimodal Hub,multimodal,High,3.372593306056588,5.122593306056588,1.75,41.36,15.0,0.5,1.25,37.199999999999996,6.695999999999999,7.427760293782052,False,Persistent,82.55
ASM,Assembly,S5,Pedestrian Access Upgrade,walkability,Low,3.372593306056588,3.9475933060565875,0.575,41.36,15.0,0.5,1.15,29.256,5.26608,4.675924271024027,False,Persistent,36.22
MKL,Malakpet,S1,Feeder Shuttle Integration,feeder,Medium,3.858084957176228,5.123084957176228,1.265,40.68,17.0,0.5,1.15,36.910399999999996,6.643871999999999,6.598533424842981,False,Persistent,64.68
MKL,Malakpet,S2,E-Rickshaw Last-Mile Loop,micromobility,Low,3.858084957176228,4.663084957176228,0.8049999999999999,40.68,17.0,0.5,1.15,34.408,6.19344,5.630675085790295,False,Persistent,46.98
MKL,Malakpet,S3,Bus Frequency Enhancement,frequency,Medium,3.858084957176228,4.893084957176228,1.035,40.68,17.0,0.5,1.15,35.65919999999999,6.418655999999999,6.077211516812875,False,Persistent,55.68
MKL,Malakpet,S4,Integrated Multimodal Hub,multimodal,High,3.858084957176228,5.608084957176228,1.75,40.68,17.0,0.5,1.25,42.160000000000004,7.5888,8.13172318790553,False,Persistent,85.41
MKL,Malakpet,S5,Pedestrian Access Upgrade,walkability,Low,3.858084957176228,4.433084957176228,0.575,40.68,17.0,0.5,1.15,33.1568,5.968223999999999,5.250989131775242,False,Persistent,38.55
NGR,NGRI,S1,Feeder Shuttle Integration,feeder,Medium,1.7889136614032215,3.0539136614032216,1.265,40.23,4.0,0.5,1.15,8.6848,1.5632639999999998,3.93344079588735,False,Persistent,53.76
NGR,NGRI,S2,E-Rickshaw Last-Mile Loop,micromobility,Low,1.7889136614032215,2.5939136614032217,0.8049999999999999,40.23,4.0,0.5,1.15,8.096,1.45728,3.13215074614439,False,Persistent,36.75
NGR,NGRI,S3,Bus Frequency Enhancement,frequency,Medium,1.7889136614032215,2.823913661403221,1.035,40.23,4.0,0.5,1.15,8.390399999999998,1.5102719999999996,3.5073007674628003,False,Persistent,45.15
NGR,NGRI,S4,Integrated Multimodal Hub,multimodal,High,1.7889136614032215,3.5389136614032215,1.75,40.23,4.0,0.5,1.25,9.92,1.7855999999999999,5.13142480903467,False,Persistent,73.11
NGR,NGRI,S5,Pedestrian Access Upgrade,walkability,Low,1.7889136614032215,2.3639136614032212,0.575,40.23,4.0,0.5,1.15,7.8016000000000005,1.404288,2.8000557319321158,False,Persistent,28.52
JNT,JNTU College,S1,Feeder Shuttle Integration,feeder,Medium,2.65817072666844,3.92317072666844,1.265,39.74,6.0,0.5,1.15,13.027199999999999,2.344896,5.05304389594895,False,Persistent,58.28
JNT,JNTU College,S2,E-Rickshaw Last-Mile Loop,micromobility,Low,2.65817072666844,3.46317072666844,0.8049999999999999,39.74,6.0,0.5,1.15,12.144,2.18592,4.181778652452141,False,Persistent,40.99
JNT,JNTU College,S3,Bus Frequency Enhancement,frequency,Medium,2.65817072666844,3.6931707266684395,1.035,39.74,6.0,0.5,1.15,12.585599999999998,2.2654079999999994,4.586918042522202,False,Persistent,49.51
JNT,JNTU College,S4,Integrated Multimodal Hub,multimodal,High,2.65817072666844,4.408170726668439,1.75,39.74,6.0,0.5,1.25,14.879999999999999,2.6784,6.391847553669237,False,Persistent,78.2
JNT,JNTU College,S5,Pedestrian Access Upgrade,walkability,Low,2.65817072666844,3.2331707266684395,0.575,39.74,6.0,0.5,1.15,11.702399999999999,2.106432,3.8296907257387667,False,Persistent,32.67
STD,Stadium,S1,Feeder Shuttle Integration,feeder,Medium,2.0046421663442944,3.269642166344294,1.265,38.95,7.0,0.5,1.15,15.1984,2.735712,4.211299110251451,False,Persistent,54.93
STD,Stadium,S2,E-Rickshaw Last-Mile Loop,micromobility,Low,2.0046421663442944,2.809642166344294,0.8049999999999999,38.95,7.0,0.5,1.15,14.168000000000001,2.55024,3.3926429158607347,False,Persistent,37.85
STD,Stadium,S3,Bus Frequency Enhancement,frequency,Medium,2.0046421663442944,3.0396421663442945,1.035,38.95,7.0,0.5,1.15,14.6832,2.642976,3.7752355705996137,False,Persistent,46.28
STD,Stadium,S4,Integrated Multimodal Hub,multimodal,High,2.0046421663442944,3.7546421663442944,1.75,38.95,7.0,0.5,1.25,17.360000000000003,3.1248000000000005,5.444231141199226,False,Persistent,74.43
STD,Stadium,S5,Pedestrian Access Upgrade,walkability,Low,2.0046421663442944,2.5796421663442946,0.575,38.95,7.0,0.5,1.15,13.652800000000001,2.457504,3.0555861460348166,False,Persistent,29.6
IRM,Erra Manzil,S1,Feeder Shuttle Integration,feeder,Medium,3.6472890321534552,4.912289032153455,1.265,38.92,14.0,0.5,1.15,30.3968,5.471424,6.327028273413651,False,Persistent,63.53
IRM,Erra Manzil,S2,E-Rickshaw Last-Mile Loop,micromobility,Low,3.6472890321534552,4.452289032153455,0.8049999999999999,38.92,14.0,0.5,1.15,28.336000000000002,5.10048,5.376139006325297,False,Persistent,45.91
IRM,Erra Manzil,S3,Bus Frequency Enhancement,frequency,Medium,3.6472890321534552,4.682289032153455,1.035,38.92,14.0,0.5,1.15,29.3664,5.285952,5.815402977934592,False,Persistent,54.58
IRM,Erra Manzil,S4,Integrated Multimodal Hub,multimodal,High,3.6472890321534552,5.397289032153456,1.75,38.92,14.0,0.5,1.25,34.720000000000006,6.249600000000001,7.8260690966225095,False,Persistent,84.12
IRM,Erra Manzil,S5,Pedestrian Access Upgrade,walkability,Low,3.6472890321534552,4.222289032153455,0.575,38.92,14.0,0.5,1.15,27.305600000000002,4.915008,5.001301358585767,False,Persistent,37.5
PED,Peddamma Gudi,S1,Feeder Shuttle Integration,feeder,Medium,0.7380747185802862,2.003074718580286,1.265,38.92,0.0,0.5,1.15,5.427999999999999,0.9770399999999998,2.5799602375314086,False,Persistent,48.32
PED,Peddamma Gudi,S2,E-Rickshaw Last-Mile Loop,micromobility,Low,0.7380747185802862,1.5430747185802862,0.8049999999999999,38.92,0.0,0.5,1.15,5.06,0.9107999999999999,1.8632627226856957,False,Persistent,31.65
PED,Peddamma Gudi,S3,Bus Frequency Enhancement,frequency,Medium,0.7380747185802862,1.7730747185802862,1.035,38.92,0.0,0.5,1.15,5.243999999999999,0.9439199999999998,2.2021588004767154,False,Persistent,39.91
PED,Peddamma Gudi,S4,Integrated Multimodal Hub,multimodal,High,0.7380747185802862,2.488074718580286,1.75,38.92,0.0,0.5,1.25,6.2,1.1159999999999999,3.6077083419414144,False,Persistent,66.99
PED,Peddamma Gudi,S5,Pedestrian Access Upgrade,walkability,Low,0.7380747185802862,1.3130747185802862,0.575,38.92,0.0,0.5,1.15,4.8759999999999994,0.8776799999999999,1.555337004158349,False,Persistent,23.52
BTN,Bharat Nagar,S1,Feeder Shuttle Integration,feeder,Medium,2.7463230019135763,4.011323001913576,1.265,38.5,7.0,0.5,1.15,15.1984,2.735712,5.166584026464686,False,Persistent,58.75
BTN,Bharat Nagar,S2,E-Rickshaw Last-Mile Loop,micromobility,Low,2.7463230019135763,3.551323001913576,0.8049999999999999,38.5,7.0,0.5,1.15,14.168000000000001,2.55024,4.288222524810643,False,Persistent,41.43
BTN,Bharat Nagar,S3,Bus Frequency Enhancement,frequency,Medium,2.7463230019135763,3.7813230019135764,1.035,38.5,7.0,0.5,1.15,14.6832,2.642976,4.696403168376662,False,Persistent,49.97
BTN,Bharat Nagar,S4,Integrated Multimodal Hub,multimodal,High,2.7463230019135763,4.496323001913576,1.75,38.5,7.0,0.5,1.25,17.360000000000003,3.1248000000000005,6.519668352774684,False,Persistent,78.73
BTN,Bharat Nagar,S5,Pedestrian Access Upgrade,walkability,Low,2.7463230019135763,3.3213230019135764,0.575,38.5,7.0,0.5,1.15,13.652800000000001,2.457504,3.934107095766631,False,Persistent,33.11
ERA,Erragadda,S1,Feeder Shuttle Integration,feeder,Medium,1.840326431373359,3.105326431373359,1.265,37.99,6.0,0.5,1.15,13.027199999999999,2.344896,3.9996604436088865,False,Persistent,54.07
ERA,Erragadda,S2,E-Rickshaw Last-Mile Loop,micromobility,Low,1.840326431373359,2.645326431373359,0.8049999999999999,37.99,6.0,0.5,1.15,12.144,2.18592,3.194231665883331,False,Persistent,37.04
ERA,Erragadda,S3,Bus Frequency Enhancement,frequency,Medium,1.840326431373359,2.8753264313733586,1.035,37.99,6.0,0.5,1.15,12.585599999999998,2.2654079999999994,3.5711554277657114,False,Persistent,45.45
ERA,Erragadda,S4,Integrated Multimodal Hub,multimodal,High,1.840326431373359,3.590326431373359,1.75,37.99,6.0,0.5,1.25,14.879999999999999,2.6784,5.20597332549137,False,Persistent,73.46
ERA,Erragadda,S5,Pedestrian Access Upgrade,walkability,Low,1.840326431373359,2.4153264313733587,0.575,37.99,6.0,0.5,1.15,11.702399999999999,2.106432,2.8609541579617432,False,Persistent,28.8
BEG,Begumpet,S1,Feeder Shuttle Integration,feeder,Medium,2.8276011154195864,4.092601115419586,1.265,37.92,10.0,0.5,1.15,21.711999999999996,3.908159999999999,5.271270236660427,False,Persistent,59.23
BEG,Begumpet,S2,E-Rickshaw Last-Mile Loop,micromobility,Low,2.8276011154195864,3.632601115419586,0.8049999999999999,37.92,10.0,0.5,1.15,20.24,3.6431999999999998,4.38636584686915,False,Persistent,41.88
BEG,Begumpet,S3,Bus Frequency Enhancement,frequency,Medium,2.8276011154195864,3.8626011154195865,1.035,37.92,10.0,0.5,1.15,20.975999999999996,3.775679999999999,4.7973505853511265,False,Persistent,50.43
BEG,Begumpet,S4,Integrated Multimodal Hub,multimodal,High,2.8276011154195864,4.577601115419586,1.75,37.92,10.0,0.5,1.25,24.8,4.4639999999999995,6.6375216173583995,False,Persistent,79.27
BEG,Begumpet,S5,Pedestrian Access Upgrade,walkability,Low,2.8276011154195864,3.4026011154195865,0.575,37.92,10.0,0.5,1.15,19.503999999999998,3.5107199999999996,4.0303810212145,False,Persistent,33.55
DSN,Dilsukh Nagar,S1,Feeder Shuttle Integration,feeder,Medium,3.238979503296464,4.503979503296464,1.265,37.43,6.0,0.5,1.15,13.027199999999999,2.344896,5.801125600245847,False,Persistent,61.27
DSN,Dilsukh Nagar,S2,E-Rickshaw Last-Mile Loop,micromobility,Low,3.238979503296464,4.043979503296464,0.8049999999999999,37.43,6.0,0.5,1.15,12.144,2.18592,4.88310525023048,False,Persistent,43.79
DSN,Dilsukh Nagar,S3,Bus Frequency Enhancement,frequency,Medium,3.238979503296464,4.273979503296464,1.035,37.43,6.0,0.5,1.15,12.585599999999998,2.2654079999999994,5.308282543094208,False,Persistent,52.4
DSN,Dilsukh Nagar,S4,Integrated Multimodal Hub,multimodal,High,3.238979503296464,4.988979503296465,1.75,37.43,6.0,0.5,1.25,14.879999999999999,2.6784,7.234020279779873,False,Persistent,81.57
DSN,Dilsukh Nagar,S5,Pedestrian Access Upgrade,walkability,Low,3.238979503296464,3.813979503296464,0.575,37.43,6.0,0.5,1.15,11.702399999999999,2.106432,4.517658721654661,False,Persistent,35.43
MYP,Miyapur,S1,Feeder Shuttle Integration,feeder,Medium,1.6708528571801589,2.9358528571801585,1.265,36.37,1.0,0.5,1.15,5.427999999999999,0.9770399999999998,3.7813784800480446,False,Persistent,53.12
MYP,Miyapur,S2,E-Rickshaw Last-Mile Loop,micromobility,Low,1.6708528571801589,2.4758528571801586,0.8049999999999999,36.37,1.0,0.5,1.15,5.06,0.9107999999999999,2.9895923250450416,False,Persistent,36.15
MYP,Miyapur,S3,Bus Frequency Enhancement,frequency,Medium,1.6708528571801589,2.705852857180159,1.035,36.37,1.0,0.5,1.15,5.243999999999999,0.9439199999999998,3.3606692486177576,False,Persistent,44.54
MYP,Miyapur,S4,Integrated Multimodal Hub,multimodal,High,1.6708528571801589,3.420852857180159,1.75,36.37,1.0,0.5,1.25,6.2,1.1159999999999999,4.96023664291123,False,Persistent,72.4
MYP,Miyapur,S5,Pedestrian Access Upgrade,walkability,Low,1.6708528571801589,2.245852857180159,0.575,36.37,1.0,0.5,1.15,4.8759999999999994,0.8776799999999999,2.6602127093298984,False,Persistent,27.93
SUB,Sultan Bazar,S1,Feeder Shuttle Integration,feeder,Medium,5.57841932376631,6.81041932376631,1.2320000000000002,36.18,27.0,0.5,1.12,57.093120000000006,10.2767616,8.54298999973246,True,,71.65
SUB,Sultan Bazar,S2,E-Rickshaw Last-Mile Loop,micromobility,Low,5.57841932376631,6.36241932376631,0.784,36.18,27.0,0.5,1.12,53.222400000000015,9.580032000000003,7.482205124749181,True,,53.93
SUB,Sultan Bazar,S3,Bus Frequency Enhancement,frequency,Medium,5.57841932376631,6.58641932376631,1.0080000000000002,36.18,27.0,0.5,1.12,55.15776,9.9283968,7.96693281402773,True,,62.6
SUB,Sultan Bazar,S4,Integrated Multimodal Hub,multimodal,High,5.57841932376631,7.28641932376631,1.7080000000000002,36.18,27.0,0.5,1.2200000000000002,65.35296000000001,11.763532800000002,10.311740626994082,True,,93.08
SUB,Sultan Bazar,S5,Pedestrian Access Upgrade,walkability,Low,5.57841932376631,6.1384193237663105,0.56,36.18,27.0,0.5,1.12,51.28704000000001,9.231667200000002,7.081280531896817,True,,45.59
NAG,Nagole,S1,Feeder Shuttle Integration,feeder,Medium,2.373761391274985,3.6387613912749845,1.265,36.1,1.0,0.5,1.15,5.427999999999999,0.9770399999999998,4.68672467196218,False,Persistent,56.75
NAG,Nagole,S2,E-Rickshaw Last-Mile Loop,micromobility,Low,2.373761391274985,3.1787613912749846,0.8049999999999999,36.1,1.0,0.5,1.15,5.06,0.9107999999999999,3.8383543799645437,False,Persistent,39.55
NAG,Nagole,S3,Bus Frequency Enhancement,frequency,Medium,2.373761391274985,3.408761391274985,1.035,36.1,1.0,0.5,1.15,5.243999999999999,0.9439199999999998,4.2336816479635315,False,Persistent,48.03
NAG,Nagole,S4,Integrated Multimodal Hub,multimodal,High,2.373761391274985,4.123761391274985,1.75,36.1,1.0,0.5,1.25,6.2,1.1159999999999999,5.979454017348727,False,Persistent,76.47
NAG,Nagole,S5,Pedestrian Access Upgrade,walkability,Low,2.373761391274985,2.948761391274985,0.575,36.1,1.0,0.5,1.15,4.8759999999999994,0.8776799999999999,3.4928078679652197,False,Persistent,31.27
KUK,Kukatpally,S1,Feeder Shuttle Integration,feeder,Medium,3.245683133066311,4.345683133066311,1.1,35.79,12.0,0.5,1.0,22.656,4.07808,4.867165109034269,False,Partial,52.67
KUK,Kukatpally,S2,E-Rickshaw Last-Mile Loop,micromobility,Low,3.245683133066311,3.9456831330663107,0.7,35.79,12.0,0.5,1.0,21.12,3.8016,4.142967289719627,False,Partial,37.76
KUK,Kukatpally,S3,Bus Frequency Enhancement,frequency,Medium,3.245683133066311,4.145683133066311,0.9,35.79,12.0,0.5,1.0,21.887999999999998,3.9398399999999993,4.477337783711616,False,Partial,45.11
KUK,Kukatpally,S4,Integrated Multimodal Hub,multimodal,High,3.245683133066311,4.7856831330663105,1.54,35.79,12.0,0.5,1.1,26.1888,4.713984,6.106531677792613,False,Partial,70.86
KUK,Kukatpally,S5,Pedestrian Access Upgrade,walkability,Low,3.245683133066311,3.745683133066311,0.5,35.79,12.0,0.5,1.0,20.352,3.66336,3.8580536270583003,False,Partial,30.62
MSP,Moosapet,S1,Feeder Shuttle Integration,feeder,Medium,2.5787205635883304,3.1617205635883305,0.5830000000000001,30.98,4.0,0.25,1.06,4.00256,0.7204607999999999,3.7535946530920663,False,Partial,32.54
MSP,Moosapet,S2,E-Rickshaw Last-Mile Loop,micromobility,Low,2.5787205635883304,2.9497205635883303,0.371,30.98,4.0,0.25,1.06,3.7312000000000007,0.6716160000000001,3.283038987273812,False,Partial,24.3
MSP,Moosapet,S3,Bus Frequency Enhancement,frequency,Medium,2.5787205635883304,3.05572056358833,0.47700000000000004,30.98,4.0,0.25,1.06,3.8668799999999997,0.6960384,3.498188901195921,False,Partial,28.34
MSP,Moosapet,S4,Integrated Multimodal Hub,multimodal,High,2.5787205635883304,3.3907205635883306,0.812,30.98,4.0,0.25,1.1600000000000001,4.602880000000001,0.8285184000000001,4.562553590364458,False,Partial,42.65
MSP,Moosapet,S5,Pedestrian Access Upgrade,walkability,Low,2.5787205635883304,2.8437205635883305,0.265,30.98,4.0,0.25,1.06,3.5955200000000005,0.6471936,3.1047741113257397,False,Partial,20.4
NEM,New Market,S1,Feeder Shuttle Integration,feeder,Medium,3.0934933891366576,3.6434933891366574,0.55,30.87,8.0,0.25,1.0,7.552,1.35936,4.080712595833057,False,Partial,32.89
NEM,New Market,S2,E-Rickshaw Last-Mile Loop,micromobility,Low,3.0934933891366576,3.4434933891366577,0.35,30.87,8.0,0.25,1.0,7.040000000000001,1.2672,3.615668058593491,False,Partial,25.03
NEM,New Market,S3,Bus Frequency Enhancement,frequency,Medium,3.0934933891366576,3.543493389136658,0.45,30.87,8.0,0.25,1.0,7.295999999999999,1.3132799999999998,3.8269728602675905,False,Partial,28.87
NEM,New Market,S4,Integrated Multimodal Hub,multimodal,High,3.0934933891366576,3.8634933891366576,0.77,30.87,8.0,0.25,1.1,8.729600000000001,1.5713280000000003,4.929817564538375,False,Partial,42.9
NEM,New Market,S5,Pedestrian Access Upgrade,walkability,Low,3.0934933891366576,3.3434933891366576,0.25,30.87,8.0,0.25,1.0,6.784000000000001,1.22112,3.4437981908107576,False,Partial,21.34
SCR,Secunderabad West,S1,Feeder Shuttle Integration,feeder,Medium,6.161456956578252,6.711456956578252,0.55,30.68,37.0,0.25,1.0,34.928,6.287039999999999,7.516831791367643,False,,46.88
SCR,Secunderabad West,S2,E-Rickshaw Last-Mile Loop,micromobility,Low,6.161456956578252,6.511456956578252,0.35,30.68,37.0,0.25,1.0,32.56,5.8608,6.837029804407165,False,,38.14
SCR,Secunderabad West,S3,Bus Frequency Enhancement,frequency,Medium,6.161456956578252,6.611456956578253,0.45,30.68,37.0,0.25,1.0,33.744,6.073919999999999,7.140373513104513,False,,42.37
SCR,Secunderabad West,S4,Integrated Multimodal Hub,multimodal,High,6.161456956578252,6.931456956578252,0.77,30.68,37.0,0.25,1.1,40.3744,7.267392,8.84453907659385,False,,58.84
SCR,Secunderabad West,S5,Pedestrian Access Upgrade,walkability,Low,6.161456956578252,6.411456956578252,0.25,30.68,37.0,0.25,1.0,31.376000000000005,5.64768,6.6038006652756005,False,,34.2
TAR,Tarnaka,S1,Feeder Shuttle Integration,feeder,Medium,2.830395520134585,3.462895520134585,0.6325,30.07,3.0,0.25,1.15,3.2567999999999997,0.586224,4.460209429933345,False,Persistent,36.85
TAR,Tarnaka,S2,E-Rickshaw Last-Mile Loop,micromobility,Low,2.830395520134585,3.232895520134585,0.40249999999999997,30.07,3.0,0.25,1.15,3.036,0.54648,3.903721340562511,False,Persistent,27.72
TAR,Tarnaka,S3,Bus Frequency Enhancement,frequency,Medium,2.830395520134585,3.347895520134585,0.5175,30.07,3.0,0.25,1.15,3.1463999999999994,0.5663519999999999,4.158086236007154,False,Persistent,32.19
TAR,Tarnaka,S4,Integrated Multimodal Hub,multimodal,High,2.830395520134585,3.705395520134585,0.875,30.07,3.0,0.25,1.25,3.7199999999999998,0.6696,5.372823504195148,False,Persistent,47.77
TAR,Tarnaka,S5,Pedestrian Access Upgrade,walkability,Low,2.830395520134585,3.117895520134585,0.2875,30.07,3.0,0.25,1.15,2.9255999999999998,0.526608,3.693147243599416,False,Persistent,23.42
MSB,Musarambagh,S1,Feeder Shuttle Integration,feeder,Medium,3.426859539347112,3.976859539347112,0.55,26.68,11.0,0.25,1.0,10.384,1.86912,4.454082684068766,False,Partial,34.41
MSB,Musarambagh,S2,E-Rickshaw Last-Mile Loop,micromobility,Low,3.426859539347112,3.7768595393471123,0.35,26.68,11.0,0.25,1.0,9.680000000000001,1.7424000000000002,3.965702516314468,False,Partial,26.45
MSB,Musarambagh,S3,Bus Frequency Enhancement,frequency,Medium,3.426859539347112,3.8768595393471124,0.45,26.68,11.0,0.25,1.0,10.032,1.80576,4.187008302494881,False,Partial,30.34
MSB,Musarambagh,S4,Integrated Multimodal Hub,multimodal,High,3.426859539347112,4.196859539347113,0.77,26.68,11.0,0.25,1.1,12.003200000000001,2.1605760000000003,5.355192772206915,False,Partial,44.63
MSB,Musarambagh,S5,Pedestrian Access Upgrade,walkability,Low,3.426859539347112,3.676859539347112,0.25,26.68,11.0,0.25,1.0,9.328000000000001,1.67904,3.7871653255275257,False,Partial,22.73
PAR,Paradise,S1,Feeder Shuttle Integration,feeder,Medium,4.9886988214866514,5.538698821486651,0.55,24.36,20.0,0.25,1.0,18.88,3.3983999999999996,6.20334268006505,False,,41.48
PAR,Paradise,S2,E-Rickshaw Last-Mile Loop,micromobility,Low,4.9886988214866514,5.338698821486651,0.35,24.36,20.0,0.25,1.0,17.6,3.168,5.605633762560984,False,,33.08
PAR,Paradise,S3,Bus Frequency Enhancement,frequency,Medium,4.9886988214866514,5.438698821486652,0.45,24.36,20.0,0.25,1.0,18.24,3.2831999999999995,5.873794727205584,False,,37.16
PAR,Paradise,S4,Integrated Multimodal Hub,multimodal,High,4.9886988214866514,5.758698821486652,0.77,24.36,20.0,0.25,1.1,21.824,3.9283200000000003,7.348099696216967,False,,52.69
PAR,Paradise,S5,Pedestrian Access Upgrade,walkability,Low,4.9886988214866514,5.2386988214866514,0.25,24.36,20.0,0.25,1.0,16.96,3.0528,5.395859786131251,False,,29.24
PRN,Prakash Nagar,S1,Feeder Shuttle Integration,feeder,Medium,3.78267335170298,4.33267335170298,0.55,24.21,6.0,0.25,1.0,5.664,1.01952,4.852594153907338,False,Partial,35.96
PRN,Prakash Nagar,S2,E-Rickshaw Last-Mile Loop,micromobility,Low,3.78267335170298,4.13267335170298,0.35,24.21,6.0,0.25,1.0,5.28,0.9504,4.339307019288129,False,Partial,27.9
PRN,Prakash Nagar,S3,Bus Frequency Enhancement,frequency,Medium,3.78267335170298,4.23267335170298,0.45,24.21,6.0,0.25,1.0,5.4719999999999995,0.9849599999999998,4.571287219839219,False,Partial,31.83
PRN,Prakash Nagar,S4,Integrated Multimodal Hub,multimodal,High,3.78267335170298,4.55267335170298,0.77,24.21,6.0,0.25,1.1,6.5472,1.178496,5.809211196773003,False,Partial,46.4
PRN,Prakash Nagar,S5,Pedestrian Access Upgrade,walkability,Low,3.78267335170298,4.0326733517029805,0.25,24.21,6.0,0.25,1.0,5.088,0.91584,4.15365355225407,False,Partial,24.16
PRG,Parade Ground,S1,Feeder Shuttle Integration,feeder,Medium,5.400621359542034,5.950621359542033,0.55,23.73,20.0,0.25,1.0,18.88,3.3983999999999996,6.664695922687078,False,,43.33
PRG,Parade Ground,S2,E-Rickshaw Last-Mile Loop,micromobility,Low,5.400621359542034,5.750621359542033,0.35,23.73,20.0,0.25,1.0,17.6,3.168,6.038152427519135,False,,34.81
PRG,Parade Ground,S3,Bus Frequency Enhancement,frequency,Medium,5.400621359542034,5.850621359542034,0.45,23.73,20.0,0.25,1.0,18.24,3.2831999999999995,6.318671068305397,False,,38.94
PRG,Parade Ground,S4,Integrated Multimodal Hub,multimodal,High,5.400621359542034,6.170621359542034,0.77,23.73,20.0,0.25,1.1,21.824,3.9283200000000003,7.873712854775636,False,,54.79
PRG,Parade Ground,S5,Pedestrian Access Upgrade,walkability,Low,5.400621359542034,5.650621359542034,0.25,23.73,20.0,0.25,1.0,16.96,3.0528,5.820140000328295,False,,30.93
PUN,Panjagutta,S1,Feeder Shuttle Integration,feeder,Medium,3.92325813566266,4.47325813566266,0.55,23.39,8.0,0.25,1.0,7.552,1.35936,5.0100491119421795,False,Partial,36.61
PUN,Panjagutta,S2,E-Rickshaw Last-Mile Loop,micromobility,Low,3.92325813566266,4.27325813566266,0.35,23.39,8.0,0.25,1.0,7.040000000000001,1.2672,4.486921042445793,False,Partial,28.51
PUN,Panjagutta,S3,Bus Frequency Enhancement,frequency,Medium,3.92325813566266,4.37325813566266,0.45,23.39,8.0,0.25,1.0,7.295999999999999,1.3132799999999998,4.7231187865156725,False,Partial,32.46
PUN,Panjagutta,S4,Integrated Multimodal Hub,multimodal,High,3.92325813566266,4.69325813566266,0.77,23.39,8.0,0.25,1.1,8.729600000000001,1.5713280000000003,5.988597381105555,False,Partial,47.13
PUN,Panjagutta,S5,Pedestrian Access Upgrade,walkability,Low,3.92325813566266,4.17325813566266,0.25,23.39,8.0,0.25,1.0,6.784000000000001,1.22112,4.29845587973254,False,Partial,24.75
LKP,Lakdi-ka-pul,S1,Feeder Shuttle Integration,feeder,Medium,6.226414036682479,6.776414036682479,0.55,23.28,27.0,0.25,1.0,25.488,4.58784,7.589583721084377,False,,47.09
LKP,Lakdi-ka-pul,S2,E-Rickshaw Last-Mile Loop,micromobility,Low,6.226414036682479,6.576414036682479,0.35,23.28,27.0,0.25,1.0,23.760000000000005,4.276800000000001,6.9052347385166035,False,,38.33
LKP,Lakdi-ka-pul,S3,Bus Frequency Enhancement,frequency,Medium,6.226414036682479,6.67641403668248,0.45,23.28,27.0,0.25,1.0,24.624,4.43232,7.210527159617079,False,,42.56
LKP,Lakdi-ka-pul,S4,Integrated Multimodal Hub,multimodal,High,6.226414036682479,6.996414036682479,0.77,23.28,27.0,0.25,1.1,29.462400000000006,5.303232000000001,8.927424310806844,False,,59.07
LKP,Lakdi-ka-pul,S5,Pedestrian Access Upgrade,walkability,Low,6.226414036682479,6.476414036682479,0.25,23.28,27.0,0.25,1.0,22.896000000000004,4.1212800000000005,6.670706457782954,False,,34.39
OMC,Osmania Medical College,S1,Feeder Shuttle Integration,feeder,Medium,6.4633738601823705,7.01337386018237,0.55,19.51,22.0,0.25,1.0,20.768,3.73824,7.854978723404256,False,,48.11
OMC,Osmania Medical College,S2,E-Rickshaw Last-Mile Loop,micromobility,Low,6.4633738601823705,6.81337386018237,0.35,19.51,22.0,0.25,1.0,19.360000000000003,3.4848000000000003,7.154042553191489,False,,39.29
OMC,Osmania Medical College,S3,Bus Frequency Enhancement,frequency,Medium,6.4633738601823705,6.913373860182371,0.45,19.51,22.0,0.25,1.0,20.064,3.61152,7.466443768996961,False,,43.55
OMC,Osmania Medical College,S4,Integrated Multimodal Hub,multimodal,High,6.4633738601823705,7.23337386018237,0.77,19.51,22.0,0.25,1.1,24.006400000000003,4.3211520000000005,9.229785045592704,False,,60.24
OMC,Osmania Medical College,S5,Pedestrian Access Upgrade,walkability,Low,6.4633738601823705,6.7133738601823705,0.25,19.51,22.0,0.25,1.0,18.656000000000002,3.35808,6.9147750759878415,False,,35.33
SEC_E,Secunderabad East,S1,Feeder Shuttle Integration,feeder,Medium,5.58121314013717,6.13121314013717,0.55,18.64,14.0,0.25,1.0,13.216000000000001,2.37888,6.866958716953631,False,,44.09
SEC_E,Secunderabad East,S2,E-Rickshaw Last-Mile Loop,micromobility,Low,5.58121314013717,5.93121314013717,0.35,18.64,14.0,0.25,1.0,12.320000000000002,2.2176000000000005,6.227773797144029,False,,35.52
SEC_E,Secunderabad East,S3,Bus Frequency Enhancement,frequency,Medium,5.58121314013717,6.0312131401371705,0.45,18.64,14.0,0.25,1.0,12.768,2.29824,6.513710191348144,False,,39.67
SEC_E,Secunderabad East,S4,Integrated Multimodal Hub,multimodal,High,5.58121314013717,6.351213140137171,0.77,18.64,14.0,0.25,1.1,15.276800000000003,2.7498240000000003,8.104147966815031,False,,55.65
SEC_E,Secunderabad East,S5,Pedestrian Access Upgrade,walkability,Low,5.58121314013717,5.83121314013717,0.25,18.64,14.0,0.25,1.0,11.872000000000002,2.13696,6.006149534341286,False,,31.63
MET,Mettuguda,S1,Feeder Shuttle Integration,feeder,Medium,3.655832383268632,4.205832383268632,0.55,18.57,5.0,0.25,1.0,4.72,0.8495999999999999,4.710532269260868,False,Partial,35.38
MET,Mettuguda,S2,E-Rickshaw Last-Mile Loop,micromobility,Low,3.655832383268632,4.005832383268632,0.35,18.57,5.0,0.25,1.0,4.4,0.792,4.206124002432063,False,Partial,27.36
MET,Mettuguda,S3,Bus Frequency Enhancement,frequency,Medium,3.655832383268632,4.105832383268632,0.45,18.57,5.0,0.25,1.0,4.56,0.8207999999999999,4.434298973930123,False,Partial,31.28
MET,Mettuguda,S4,Integrated Multimodal Hub,multimodal,High,3.655832383268632,4.425832383268633,0.77,18.57,5.0,0.25,1.1,5.456,0.9820800000000001,5.647362121050775,False,Partial,45.74
MET,Mettuguda,S5,Pedestrian Access Upgrade,walkability,Low,3.655832383268632,3.905832383268632,0.25,18.57,5.0,0.25,1.0,4.24,0.7632,4.023007354766691,False,Partial,23.63
VOM,Victoria Memorial,S1,Feeder Shuttle Integration,feeder,Medium,4.44811421676355,4.9981142167635495,0.55,18.16,5.0,0.25,1.0,4.72,0.8495999999999999,5.597887922775176,False,,38.93
VOM,Victoria Memorial,S2,E-Rickshaw Last-Mile Loop,micromobility,Low,4.44811421676355,4.798114216763549,0.35,18.16,5.0,0.25,1.0,4.4,0.792,5.038019927601727,False,,30.69
VOM,Victoria Memorial,S3,Bus Frequency Enhancement,frequency,Medium,4.44811421676355,4.89811421676355,0.45,18.16,5.0,0.25,1.0,4.56,0.8207999999999999,5.289963354104634,False,,34.7
VOM,Victoria Memorial,S4,Integrated Multimodal Hub,multimodal,High,4.44811421676355,5.218114216763549,0.77,18.16,5.0,0.25,1.1,5.456,0.9820800000000001,6.658313740590289,False,,49.78
VOM,Victoria Memorial,S5,Pedestrian Access Upgrade,walkability,Low,4.44811421676355,4.69811421676355,0.25,18.16,5.0,0.25,1.0,4.24,0.7632,4.8390576432664565,False,,26.89
CHP,Chaitanyapuri,S1,Feeder Shuttle Integration,feeder,Medium,4.089726340472016,4.6397263404720155,0.55,17.72,2.0,0.25,1.0,2.36,0.42479999999999996,5.196493501328658,False,Partial,37.31
CHP,Chaitanyapuri,S2,E-Rickshaw Last-Mile Loop,micromobility,Low,4.089726340472016,4.439726340472015,0.35,17.72,2.0,0.25,1.0,2.2,0.396,4.661712657495617,False,Partial,29.17
CHP,Chaitanyapuri,S3,Bus Frequency Enhancement,frequency,Medium,4.089726340472016,4.539726340472016,0.45,17.72,2.0,0.25,1.0,2.28,0.41039999999999993,4.902904447709777,False,Partial,33.13
CHP,Chaitanyapuri,S4,Integrated Multimodal Hub,multimodal,High,4.089726340472016,4.859726340472015,0.77,17.72,2.0,0.25,1.1,2.728,0.49104000000000003,6.201010810442292,False,Partial,47.93
CHP,Chaitanyapuri,S5,Pedestrian Access Upgrade,walkability,Low,4.089726340472016,4.339726340472016,0.25,17.72,2.0,0.25,1.0,2.12,0.3816,4.469918130686176,False,Partial,25.4
UPL,Uppal,S1,Feeder Shuttle Integration,feeder,Medium,5.3878518876232135,5.937851887623213,0.55,16.44,7.0,0.25,1.0,6.6080000000000005,1.18944,6.650394114138,False,,43.16
UPL,Uppal,S2,E-Rickshaw Last-Mile Loop,micromobility,Low,5.3878518876232135,5.737851887623213,0.35,16.44,7.0,0.25,1.0,6.160000000000001,1.1088000000000002,6.024744482004374,False,,34.65
UPL,Uppal,S3,Bus Frequency Enhancement,frequency,Medium,5.3878518876232135,5.837851887623214,0.45,16.44,7.0,0.25,1.0,6.384,1.14912,6.304880038633072,False,,38.78
UPL,Uppal,S4,Integrated Multimodal Hub,multimodal,High,5.3878518876232135,6.157851887623213,0.77,16.44,7.0,0.25,1.1,7.638400000000002,1.3749120000000001,7.85741900860722,False,,54.6
UPL,Uppal,S5,Pedestrian Access Upgrade,walkability,Low,5.3878518876232135,5.6378518876232135,0.25,16.44,7.0,0.25,1.0,5.936000000000001,1.06848,5.80698744425191,False,,30.78
LBN,L. B. Nagar,S1,Feeder Shuttle Integration,feeder,Medium,6.0375038391302684,6.587503839130268,0.55,6.89,4.0,0.25,1.0,3.776,0.67968,7.378004299825901,False,,46.05
LBN,L. B. Nagar,S2,E-Rickshaw Last-Mile Loop,micromobility,Low,6.0375038391302684,6.387503839130268,0.35,6.89,4.0,0.25,1.0,3.5200000000000005,0.6336,6.706879031086782,False,,37.36
LBN,L. B. Nagar,S3,Bus Frequency Enhancement,frequency,Medium,6.0375038391302684,6.487503839130269,0.45,6.89,4.0,0.25,1.0,3.6479999999999997,0.6566399999999999,7.00650414626069,False,,41.56
LBN,L. B. Nagar,S4,Integrated Multimodal Hub,multimodal,High,6.0375038391302684,6.807503839130268,0.77,6.89,4.0,0.25,1.1,4.364800000000001,0.7856640000000001,8.686374898730222,False,,57.88
LBN,L. B. Nagar,S5,Pedestrian Access Upgrade,walkability,Low,6.0375038391302684,6.2875038391302684,0.25,6.89,4.0,0.25,1.0,3.3920000000000003,0.61056,6.476128954304176,False,,33.44
